entry_id,date,employee_ref,crew_ref,job_ref,ops_service_line,ops_code,hours
E000001,2025-04-01,,CREW-01,J315,Maintenance,BLOW,5.83
E000002,2025-04-01,,CREW-01,J112,Install,GRADE,8.64
E000003,2025-04-01,,CREW-01,,Maintenance,SHOP,2.87
E000004,2025-04-01,,CREW-02,J166,Maintenance,TRIM,5.16
E000005,2025-04-01,,CREW-02,J188,Install,PLANT,5.35
E000006,2025-04-01,,CREW-02,,Enhancement,DRIVE,2.37
E000007,2025-04-01,,CREW-03,J288,Maintenance,MOW,5.57
E000008,2025-04-01,,CREW-03,J354,Enhancement,SEASONAL-COLOR,5.85
E000009,2025-04-01,,CREW-03,,Install,SHOP,1.19
E000010,2025-04-02,,CREW-02,J357,Maintenance,MOW,5.93
E000011,2025-04-02,,CREW-02,J155,Install,INSTALL,4.83
E000012,2025-04-02,,CREW-02,,Enhancement,DRIVE,1.87
E000013,2025-04-02,,CREW-03,J335,Maintenance,TRIM,8.23
E000014,2025-04-02,,CREW-03,J180,Install,PLANT,6.18
E000015,2025-04-03,,CREW-01,J303,Maintenance,BLOW,6.54
E000016,2025-04-03,,CREW-01,J372,Install,GRADE,4.95
E000017,2025-04-03,,CREW-01,,Enhancement,TRAINING,2.42
E000018,2025-04-03,,CREW-02,J390,Maintenance,MOW,5.46
E000019,2025-04-03,,CREW-02,J104,Install,PLANT,8.86
E000020,2025-04-03,,CREW-02,,Maintenance,TRAINING,1.16
E000021,2025-04-03,,CREW-04,J188,Maintenance,MOW,7.92
E000022,2025-04-03,,CREW-04,J110,Install,GRADE,4.93
E000023,2025-04-04,,CREW-01,J124,Maintenance,TRIM,5.37
E000024,2025-04-04,,CREW-01,J271,Enhancement,PRUNE,5.16
E000025,2025-04-04,,CREW-01,,Install,PTO,1.86
E000026,2025-04-04,,CREW-04,J114,Maintenance,MOW,4.07
E000027,2025-04-04,,CREW-04,J327,Install,PLANT,7.79
E000028,2025-04-04,,CREW-04,,Install,TRAINING,2.73
E000029,2025-04-07,,CREW-02,J394,Maintenance,TRIM,6.76
E000030,2025-04-07,,CREW-02,J225,Enhancement,SEASONAL-COLOR,4.8
E000031,2025-04-07,,CREW-02,,Maintenance,TRAINING,1.12
E000032,2025-04-07,,CREW-03,J241,Maintenance,TRIM,6.53
E000033,2025-04-07,,CREW-03,J286,Install,GRADE,5.17
E000034,2025-04-07,,CREW-03,J240,Enhancement,PRUNE,6.43
E000035,2025-04-07,,CREW-03,,Install,TRAINING,0.81
E000036,2025-04-08,,CREW-03,J131,Maintenance,TRIM,5.99
E000037,2025-04-08,,CREW-03,J244,Install,PLANT,4.48
E000038,2025-04-08,,CREW-03,J155,Enhancement,MULCH,5.24
E000039,2025-04-08,,CREW-03,,Enhancement,TRAINING,1.92
E000040,2025-04-08,,CREW-04,J150,Maintenance,BLOW,8.38
E000041,2025-04-08,,CREW-04,J118,Enhancement,MULCH,6.33
E000042,2025-04-09,,CREW-01,J146,Maintenance,TRIM,5.81
E000043,2025-04-09,,CREW-01,,Install,SHOP,2.34
E000044,2025-04-09,,CREW-02,J214,Maintenance,BLOW,4.84
E000045,2025-04-09,,CREW-02,J294,Install,HARDSCAPE,7.51
E000046,2025-04-09,,CREW-02,J249,Enhancement,SEASONAL-COLOR,5.26
E000047,2025-04-09,,CREW-02,,Install,DRIVE,1.55
E000048,2025-04-09,,CREW-03,J161,Maintenance,TRIM,4.66
E000049,2025-04-09,,CREW-03,J328,Install,HARDSCAPE,6.11
E000050,2025-04-09,,CREW-03,J103,Enhancement,MULCH,7.18
E000051,2025-04-09,,CREW-03,,Enhancement,TRAINING,1.87
E000052,2025-04-09,,CREW-04,J353,Maintenance,BLOW,5.73
E000053,2025-04-09,,CREW-04,J175,Install,INSTALL,7.17
E000054,2025-04-09,,CREW-04,J152,Enhancement,SEASONAL-COLOR,4.99
E000055,2025-04-09,,CREW-04,,Enhancement,TRAINING,1.39
E000056,2025-04-10,,CREW-01,J194,Maintenance,MOW,5.91
E000057,2025-04-10,,CREW-01,J273,Install,HARDSCAPE,8.39
E000058,2025-04-10,,CREW-03,J246,Maintenance,TRIM,7.02
E000059,2025-04-10,,CREW-03,J350,Install,INSTALL,6.87
E000060,2025-04-10,,CREW-03,J158,Enhancement,SEASONAL-COLOR,4.6
E000061,2025-04-10,,CREW-03,,Maintenance,PTO,1.0
E000062,2025-04-11,,CREW-01,J268,Maintenance,MOW,6.73
E000063,2025-04-11,,CREW-01,J146,Install,GRADE,5.98
E000064,2025-04-11,,CREW-01,J151,Enhancement,SEASONAL-COLOR,5.66
E000065,2025-04-11,,CREW-01,,Maintenance,SHOP,0.84
E000066,2025-04-11,,CREW-02,J234,Maintenance,FERT,5.06
E000067,2025-04-11,,CREW-02,J247,Install,INSTALL,5.55
E000068,2025-04-11,,CREW-02,J328,Enhancement,SEASONAL-COLOR,6.59
E000069,2025-04-11,,CREW-02,,Install,PTO,2.72
E000070,2025-04-11,,CREW-03,J224,Install,PLANT,5.62
E000071,2025-04-14,,CREW-01,J327,Maintenance,MOW,6.42
E000072,2025-04-14,,CREW-01,,Install,DRIVE,2.3
E000073,2025-04-14,,CREW-02,J297,Maintenance,MOW,4.56
E000074,2025-04-14,,CREW-02,J117,Install,HARDSCAPE,6.87
E000075,2025-04-14,,CREW-02,J208,Enhancement,PRUNE,8.64
E000076,2025-04-14,,CREW-03,J238,Maintenance,TRIM,5.71
E000077,2025-04-14,,CREW-03,,Install,PTO,0.52
E000078,2025-04-14,,CREW-04,J263,Maintenance,BLOW,6.87
E000079,2025-04-15,,CREW-01,J333,Maintenance,TRIM,7.22
E000080,2025-04-15,,CREW-01,J208,Install,HARDSCAPE,8.15
E000081,2025-04-15,,CREW-01,,Maintenance,PTO,1.17
E000082,2025-04-15,,CREW-02,J304,Maintenance,BLOW,5.53
E000083,2025-04-15,,CREW-02,J258,Install,PLANT,6.82
E000084,2025-04-15,,CREW-02,J153,Enhancement,SEASONAL-COLOR,7.2
E000085,2025-04-16,,CREW-01,J305,Maintenance,MOW,6.86
E000086,2025-04-16,,CREW-01,J320,Enhancement,PRUNE,5.35
E000087,2025-04-16,,CREW-03,J343,Maintenance,MOW,4.59
E000088,2025-04-16,,CREW-03,J120,Enhancement,MULCH,4.65
E000089,2025-04-16,,CREW-03,,Maintenance,PTO,1.51
E000090,2025-04-17,,CREW-01,J254,Maintenance,MOW,4.05
E000091,2025-04-17,,CREW-01,,Maintenance,PTO,1.15
E000092,2025-04-17,,CREW-02,J134,Maintenance,TRIM,8.26
E000093,2025-04-17,,CREW-03,J384,Maintenance,TRIM,5.38
E000094,2025-04-17,,CREW-03,,Install,PTO,0.61
E000095,2025-04-18,,CREW-01,J111,Maintenance,MOW,6.43
E000096,2025-04-18,,CREW-01,J180,Install,HARDSCAPE,5.18
E000097,2025-04-18,,CREW-01,,Maintenance,PTO,2.39
E000098,2025-04-18,,CREW-02,J302,Maintenance,MOW,5.43
E000099,2025-04-18,,CREW-03,J265,Maintenance,FERT,6.46
E000100,2025-04-18,,CREW-03,J167,Install,INSTALL,6.56
E000101,2025-04-18,,CREW-03,,Install,TRAINING,1.71
E000102,2025-04-21,,CREW-01,J378,Maintenance,MOW,4.72
E000103,2025-04-21,,CREW-01,J365,Install,HARDSCAPE,5.64
E000104,2025-04-21,,CREW-01,,Install,PTO,1.52
E000105,2025-04-21,,CREW-02,J190,Maintenance,MOW,4.84
E000106,2025-04-21,,CREW-02,J187,Install,INSTALL,4.85
E000107,2025-04-21,,CREW-02,,Install,DRIVE,2.68
E000108,2025-04-21,,CREW-04,J379,Install,INSTALL,6.01
E000109,2025-04-21,,CREW-04,,Enhancement,DRIVE,0.54
E000110,2025-04-22,,CREW-01,J351,Maintenance,MOW,8.9
E000111,2025-04-22,,CREW-01,J341,Install,GRADE,6.48
E000112,2025-04-22,,CREW-02,J137,Maintenance,FERT,8.87
E000113,2025-04-22,,CREW-02,J280,Install,INSTALL,5.19
E000114,2025-04-22,,CREW-02,J267,Enhancement,MULCH,8.19
E000115,2025-04-22,,CREW-02,,Maintenance,SHOP,2.31
E000116,2025-04-22,,CREW-03,J175,Maintenance,TRIM,5.01
E000117,2025-04-22,,CREW-03,J323,Install,GRADE,5.97
E000118,2025-04-22,,CREW-03,J346,Enhancement,MULCH,8.01
E000119,2025-04-22,,CREW-03,,Install,PTO,1.37
E000120,2025-04-23,,CREW-01,J199,Maintenance,FERT,5.79
E000121,2025-04-23,,CREW-01,J126,Install,GRADE,5.88
E000122,2025-04-23,,CREW-01,,Enhancement,SHOP,1.47
E000123,2025-04-23,,CREW-03,J329,Maintenance,MOW,7.9
E000124,2025-04-23,,CREW-03,J197,Install,PLANT,6.93
E000125,2025-04-23,,CREW-03,J345,Enhancement,MULCH,7.91
E000126,2025-04-23,,CREW-03,,Maintenance,PTO,1.87
E000127,2025-04-23,,CREW-04,J309,Maintenance,FERT,8.91
E000128,2025-04-23,,CREW-04,J398,Enhancement,SEASONAL-COLOR,7.56
E000129,2025-04-23,,CREW-04,,Install,SHOP,2.73
E000130,2025-04-24,,CREW-01,J144,Maintenance,FERT,6.27
E000131,2025-04-24,,CREW-01,J271,Enhancement,SEASONAL-COLOR,7.02
E000132,2025-04-24,,CREW-02,J342,Maintenance,FERT,8.05
E000133,2025-04-24,,CREW-02,J162,Install,INSTALL,6.92
E000134,2025-04-24,,CREW-02,,Install,SHOP,1.95
E000135,2025-04-24,,CREW-03,J174,Maintenance,TRIM,4.59
E000136,2025-04-24,,CREW-03,,Enhancement,DRIVE,2.87
E000137,2025-04-24,,CREW-04,J126,Maintenance,MOW,8.01
E000138,2025-04-24,,CREW-04,J287,Install,HARDSCAPE,5.84
E000139,2025-04-24,,CREW-04,,Install,PTO,1.6
E000140,2025-04-25,,CREW-01,J177,Install,INSTALL,8.36
E000141,2025-04-25,,CREW-01,J259,Enhancement,MULCH,6.39
E000142,2025-04-25,,CREW-01,,Enhancement,TRAINING,2.65
E000143,2025-04-25,,CREW-03,J188,Maintenance,TRIM,7.28
E000144,2025-04-25,,CREW-03,J281,Install,INSTALL,5.73
E000145,2025-04-25,,CREW-03,,Install,SHOP,0.81
E000146,2025-04-25,,CREW-04,J210,Enhancement,MULCH,8.28
E000147,2025-04-25,,CREW-04,,Maintenance,TRAINING,1.62
E000148,2025-04-28,,CREW-02,J302,Maintenance,BLOW,7.47
E000149,2025-04-28,,CREW-02,J307,Install,HARDSCAPE,7.21
E000150,2025-04-28,,CREW-02,,Install,TRAINING,1.74
E000151,2025-04-28,,CREW-04,J281,Maintenance,TRIM,8.04
E000152,2025-04-28,,CREW-04,J315,Install,PLANT,5.79
E000153,2025-04-28,,CREW-04,J351,Enhancement,SEASONAL-COLOR,6.73
E000154,2025-04-29,,CREW-01,J285,Maintenance,TRIM,5.52
E000155,2025-04-29,,CREW-01,J244,Enhancement,SEASONAL-COLOR,6.26
E000156,2025-04-29,,CREW-04,J121,Maintenance,FERT,4.95
E000157,2025-04-29,,CREW-04,J361,Install,INSTALL,7.71
E000158,2025-04-29,,CREW-04,J348,Enhancement,SEASONAL-COLOR,4.65
E000159,2025-04-29,,CREW-04,,Enhancement,SHOP,2.8
E000160,2025-04-30,,CREW-01,J258,Maintenance,MOW,7.21
E000161,2025-04-30,,CREW-01,J293,Enhancement,PRUNE,5.59
E000162,2025-04-30,,CREW-01,,Enhancement,PTO,1.23
E000163,2025-04-30,,CREW-02,J127,Maintenance,FERT,8.05
E000164,2025-04-30,,CREW-02,J349,Install,PLANT,8.62
E000165,2025-04-30,,CREW-02,J217,Enhancement,SEASONAL-COLOR,4.13
E000166,2025-04-30,,CREW-02,,Install,PTO,1.56
E000167,2025-04-30,,CREW-04,J296,Maintenance,MOW,5.02
E000168,2025-04-30,,CREW-04,J113,Install,GRADE,8.22
E000169,2025-05-01,,CREW-01,J341,Maintenance,MOW,4.08
E000170,2025-05-01,,CREW-01,J390,Install,HARDSCAPE,7.34
E000171,2025-05-01,,CREW-01,J304,Enhancement,SEASONAL-COLOR,6.09
E000172,2025-05-01,,CREW-02,J178,Maintenance,MOW,4.59
E000173,2025-05-01,,CREW-02,J137,Install,GRADE,7.74
E000174,2025-05-01,,CREW-02,,Maintenance,SHOP,2.16
E000175,2025-05-01,,CREW-03,J186,Maintenance,FERT,8.87
E000176,2025-05-01,,CREW-03,J291,Install,HARDSCAPE,8.65
E000177,2025-05-01,,CREW-03,,Install,DRIVE,2.66
E000178,2025-05-01,,CREW-04,J252,Maintenance,BLOW,8.03
E000179,2025-05-01,,CREW-04,J312,Enhancement,PRUNE,7.97
E000180,2025-05-01,,CREW-04,,Enhancement,TRAINING,0.86
E000181,2025-05-02,,CREW-01,J242,Maintenance,FERT,5.85
E000182,2025-05-02,,CREW-01,J303,Install,INSTALL,6.02
E000183,2025-05-02,,CREW-01,,Maintenance,PTO,1.52
E000184,2025-05-02,,CREW-02,J181,Maintenance,BLOW,7.83
E000185,2025-05-02,,CREW-02,J274,Enhancement,MULCH,6.87
E000186,2025-05-02,,CREW-02,,Maintenance,PTO,1.39
E000187,2025-05-02,,CREW-03,J203,Maintenance,MOW,6.04
E000188,2025-05-02,,CREW-03,J284,Install,HARDSCAPE,6.35
E000189,2025-05-02,,CREW-03,,Maintenance,PTO,0.61
E000190,2025-05-02,,CREW-04,J188,Maintenance,TRIM,6.77
E000191,2025-05-02,,CREW-04,J110,Install,INSTALL,7.58
E000192,2025-05-02,,CREW-04,J168,Enhancement,PRUNE,7.97
E000193,2025-05-02,,CREW-04,,Enhancement,PTO,0.79
E000194,2025-05-05,,CREW-01,J211,Maintenance,FERT,4.24
E000195,2025-05-05,,CREW-02,J119,Maintenance,FERT,6.42
E000196,2025-05-05,,CREW-02,,Maintenance,DRIVE,1.69
E000197,2025-05-05,,CREW-03,J137,Maintenance,FERT,5.81
E000198,2025-05-05,,CREW-03,J373,Install,GRADE,5.76
E000199,2025-05-05,,CREW-03,,Install,PTO,2.69
E000200,2025-05-05,,CREW-04,J121,Maintenance,BLOW,8.74
E000201,2025-05-05,,CREW-04,J120,Enhancement,MULCH,4.42
E000202,2025-05-05,,CREW-04,,Enhancement,TRAINING,2.72
E000203,2025-05-06,,CREW-01,J175,Maintenance,TRIM,8.42
E000204,2025-05-06,,CREW-01,J293,Enhancement,MULCH,5.55
E000205,2025-05-06,,CREW-01,,Enhancement,PTO,2.62
E000206,2025-05-06,,CREW-02,J159,Maintenance,MOW,7.8
E000207,2025-05-06,,CREW-02,J268,Install,INSTALL,5.03
E000208,2025-05-06,,CREW-03,J222,Maintenance,BLOW,8.46
E000209,2025-05-06,,CREW-03,J116,Enhancement,PRUNE,7.82
E000210,2025-05-06,,CREW-03,,Enhancement,TRAINING,0.8
E000211,2025-05-06,,CREW-04,J183,Maintenance,BLOW,7.38
E000212,2025-05-06,,CREW-04,J368,Install,GRADE,4.35
E000213,2025-05-06,,CREW-04,J342,Enhancement,MULCH,4.73
E000214,2025-05-06,,CREW-04,,Enhancement,TRAINING,0.56
E000215,2025-05-07,,CREW-01,J234,Install,GRADE,7.91
E000216,2025-05-07,,CREW-01,J180,Enhancement,MULCH,4.49
E000217,2025-05-07,,CREW-02,J157,Maintenance,TRIM,6.54
E000218,2025-05-07,,CREW-02,,Maintenance,DRIVE,1.0
E000219,2025-05-07,,CREW-03,J232,Maintenance,FERT,4.15
E000220,2025-05-07,,CREW-03,,Maintenance,PTO,1.96
E000221,2025-05-07,,CREW-04,J281,Maintenance,FERT,7.63
E000222,2025-05-07,,CREW-04,J215,Install,PLANT,4.81
E000223,2025-05-07,,CREW-04,,Maintenance,SHOP,1.58
E000224,2025-05-08,,CREW-01,J166,Maintenance,MOW,4.47
E000225,2025-05-08,,CREW-01,J265,Install,GRADE,8.44
E000226,2025-05-08,,CREW-01,,Enhancement,DRIVE,2.17
E000227,2025-05-08,,CREW-02,J262,Maintenance,BLOW,5.92
E000228,2025-05-08,,CREW-02,,Install,PTO,0.55
E000229,2025-05-08,,CREW-03,J184,Maintenance,FERT,4.23
E000230,2025-05-08,,CREW-03,J148,Install,INSTALL,5.45
E000231,2025-05-08,,CREW-03,,Enhancement,DRIVE,1.3
E000232,2025-05-08,,CREW-04,J290,Maintenance,FERT,4.42
E000233,2025-05-08,,CREW-04,J370,Install,GRADE,5.01
E000234,2025-05-08,,CREW-04,J292,Enhancement,MULCH,7.1
E000235,2025-05-08,,CREW-04,,Enhancement,TRAINING,2.1
E000236,2025-05-09,,CREW-01,J397,Maintenance,TRIM,8.86
E000237,2025-05-09,,CREW-01,J361,Enhancement,MULCH,4.92
E000238,2025-05-09,,CREW-01,,Install,DRIVE,0.64
E000239,2025-05-09,,CREW-02,J394,Maintenance,TRIM,5.68
E000240,2025-05-09,,CREW-02,J166,Install,PLANT,8.57
E000241,2025-05-09,,CREW-02,,Maintenance,DRIVE,1.43
E000242,2025-05-09,,CREW-03,J311,Maintenance,BLOW,7.58
E000243,2025-05-09,,CREW-03,J279,Install,INSTALL,7.24
E000244,2025-05-09,,CREW-03,J158,Enhancement,MULCH,6.32
E000245,2025-05-09,,CREW-03,,Install,SHOP,1.74
E000246,2025-05-09,,CREW-04,J150,Maintenance,TRIM,8.6
E000247,2025-05-09,,CREW-04,J372,Install,HARDSCAPE,7.67
E000248,2025-05-09,,CREW-04,J293,Enhancement,SEASONAL-COLOR,8.04
E000249,2025-05-12,,CREW-01,J149,Maintenance,BLOW,5.97
E000250,2025-05-12,,CREW-01,,Maintenance,TRAINING,2.46
E000251,2025-05-12,,CREW-02,J360,Maintenance,TRIM,5.87
E000252,2025-05-12,,CREW-02,J362,Install,GRADE,6.48
E000253,2025-05-12,,CREW-02,,Maintenance,DRIVE,0.82
E000254,2025-05-12,,CREW-03,J105,Maintenance,BLOW,5.51
E000255,2025-05-12,,CREW-03,J116,Install,PLANT,6.06
E000256,2025-05-12,,CREW-03,J280,Enhancement,SEASONAL-COLOR,8.48
E000257,2025-05-12,,CREW-03,,Install,DRIVE,2.27
E000258,2025-05-13,,CREW-01,J248,Maintenance,FERT,7.14
E000259,2025-05-13,,CREW-01,J222,Install,INSTALL,8.34
E000260,2025-05-13,,CREW-01,,Install,DRIVE,2.39
E000261,2025-05-13,,CREW-02,J343,Maintenance,MOW,4.62
E000262,2025-05-13,,CREW-02,J245,Enhancement,SEASONAL-COLOR,7.29
E000263,2025-05-13,,CREW-02,,Install,SHOP,0.81
E000264,2025-05-13,,CREW-03,J335,Maintenance,FERT,5.51
E000265,2025-05-13,,CREW-03,J197,Install,GRADE,6.53
E000266,2025-05-13,,CREW-03,J304,Enhancement,SEASONAL-COLOR,4.61
E000267,2025-05-13,,CREW-03,,Maintenance,TRAINING,2.0
E000268,2025-05-13,,CREW-04,J291,Maintenance,BLOW,5.13
E000269,2025-05-13,,CREW-04,J227,Install,GRADE,8.46
E000270,2025-05-14,,CREW-01,J346,Maintenance,FERT,6.44
E000271,2025-05-14,,CREW-01,J216,Install,PLANT,4.43
E000272,2025-05-14,,CREW-01,J226,Enhancement,PRUNE,6.52
E000273,2025-05-14,,CREW-01,,Install,PTO,1.23
E000274,2025-05-14,,CREW-02,J168,Maintenance,FERT,5.45
E000275,2025-05-14,,CREW-02,,Maintenance,SHOP,0.66
E000276,2025-05-14,,CREW-03,J198,Install,GRADE,7.83
E000277,2025-05-14,,CREW-03,,Enhancement,DRIVE,1.51
E000278,2025-05-14,,CREW-04,J254,Maintenance,MOW,4.89
E000279,2025-05-14,,CREW-04,J182,Install,INSTALL,6.42
E000280,2025-05-14,,CREW-04,J160,Enhancement,MULCH,6.84
E000281,2025-05-14,,CREW-04,,Maintenance,SHOP,1.92
E000282,2025-05-15,,CREW-01,J249,Maintenance,MOW,8.45
E000283,2025-05-15,,CREW-01,J376,Enhancement,PRUNE,8.72
E000284,2025-05-15,,CREW-01,,Enhancement,TRAINING,1.73
E000285,2025-05-15,,CREW-02,J318,Maintenance,TRIM,8.49
E000286,2025-05-15,,CREW-02,,Enhancement,TRAINING,1.49
E000287,2025-05-15,,CREW-03,J149,Maintenance,MOW,7.24
E000288,2025-05-15,,CREW-03,J173,Install,HARDSCAPE,6.44
E000289,2025-05-15,,CREW-03,,Install,TRAINING,1.55
E000290,2025-05-15,,CREW-04,J178,Maintenance,BLOW,7.9
E000291,2025-05-15,,CREW-04,J154,Install,GRADE,4.72
E000292,2025-05-15,,CREW-04,J245,Enhancement,MULCH,5.17
E000293,2025-05-15,,CREW-04,,Install,TRAINING,3.0
E000294,2025-05-16,,CREW-01,J303,Maintenance,MOW,8.64
E000295,2025-05-16,,CREW-01,,Maintenance,DRIVE,0.81
E000296,2025-05-16,,CREW-02,J253,Maintenance,MOW,4.5
E000297,2025-05-16,,CREW-02,J117,Install,INSTALL,5.27
E000298,2025-05-16,,CREW-02,J334,Enhancement,MULCH,8.82
E000299,2025-05-16,,CREW-02,,Enhancement,PTO,0.67
E000300,2025-05-16,,CREW-03,J187,Maintenance,MOW,4.77
E000301,2025-05-16,,CREW-03,J248,Install,PLANT,4.22
E000302,2025-05-16,,CREW-03,J209,Enhancement,PRUNE,7.12
E000303,2025-05-16,,CREW-04,J289,Maintenance,BLOW,4.1
E000304,2025-05-16,,CREW-04,J361,Enhancement,MULCH,6.28
E000305,2025-05-16,,CREW-04,,Install,TRAINING,0.98
E000306,2025-05-19,,CREW-01,J223,Install,HARDSCAPE,7.57
E000307,2025-05-19,,CREW-01,,Install,PTO,2.0
E000308,2025-05-19,,CREW-02,J234,Maintenance,BLOW,4.78
E000309,2025-05-19,,CREW-02,J138,Install,GRADE,5.27
E000310,2025-05-19,,CREW-02,J391,Enhancement,MULCH,6.9
E000311,2025-05-19,,CREW-03,J182,Maintenance,MOW,6.24
E000312,2025-05-19,,CREW-03,J167,Install,INSTALL,8.25
E000313,2025-05-19,,CREW-03,,Enhancement,DRIVE,1.86
E000314,2025-05-19,,CREW-04,J163,Maintenance,BLOW,7.71
E000315,2025-05-19,,CREW-04,J168,Enhancement,MULCH,5.45
E000316,2025-05-19,,CREW-04,,Maintenance,DRIVE,2.92
E000317,2025-05-20,,CREW-01,J305,Maintenance,FERT,7.92
E000318,2025-05-20,,CREW-01,J186,Enhancement,PRUNE,6.25
E000319,2025-05-20,,CREW-01,,Install,PTO,1.28
E000320,2025-05-20,,CREW-02,J136,Maintenance,MOW,4.0
E000321,2025-05-20,,CREW-02,J375,Install,HARDSCAPE,8.87
E000322,2025-05-20,,CREW-02,,Install,DRIVE,1.27
E000323,2025-05-20,,CREW-03,J261,Maintenance,FERT,4.86
E000324,2025-05-20,,CREW-03,J127,Install,PLANT,4.1
E000325,2025-05-20,,CREW-03,,Install,DRIVE,2.48
E000326,2025-05-20,,CREW-04,J243,Maintenance,FERT,5.35
E000327,2025-05-20,,CREW-04,J261,Install,INSTALL,4.33
E000328,2025-05-20,,CREW-04,,Install,DRIVE,1.03
E000329,2025-05-21,,CREW-01,J108,Maintenance,TRIM,7.74
E000330,2025-05-21,,CREW-01,J306,Install,INSTALL,7.48
E000331,2025-05-21,,CREW-01,,Maintenance,DRIVE,2.87
E000332,2025-05-21,,CREW-02,J158,Install,GRADE,4.73
E000333,2025-05-21,,CREW-02,,Maintenance,TRAINING,1.17
E000334,2025-05-21,,CREW-03,J233,Maintenance,MOW,8.01
E000335,2025-05-21,,CREW-03,,Maintenance,SHOP,2.46
E000336,2025-05-21,,CREW-04,J246,Maintenance,TRIM,7.24
E000337,2025-05-21,,CREW-04,J164,Install,GRADE,4.24
E000338,2025-05-21,,CREW-04,J246,Enhancement,PRUNE,4.72
E000339,2025-05-21,,CREW-04,,Enhancement,DRIVE,2.62
E000340,2025-05-22,,CREW-01,,Enhancement,SHOP,2.2
E000341,2025-05-22,,CREW-02,J178,Maintenance,TRIM,8.73
E000342,2025-05-22,,CREW-02,J265,Install,HARDSCAPE,6.98
E000343,2025-05-22,,CREW-02,J346,Enhancement,PRUNE,6.54
E000344,2025-05-22,,CREW-02,,Install,SHOP,1.77
E000345,2025-05-22,,CREW-03,J100,Maintenance,MOW,4.32
E000346,2025-05-22,,CREW-03,J139,Install,GRADE,7.49
E000347,2025-05-22,,CREW-03,,Enhancement,PTO,0.64
E000348,2025-05-22,,CREW-04,J257,Maintenance,MOW,5.04
E000349,2025-05-22,,CREW-04,J323,Install,INSTALL,8.34
E000350,2025-05-22,,CREW-04,J392,Enhancement,MULCH,8.41
E000351,2025-05-23,,CREW-01,J337,Maintenance,FERT,7.77
E000352,2025-05-23,,CREW-01,J361,Install,PLANT,6.89
E000353,2025-05-23,,CREW-01,J199,Enhancement,PRUNE,5.62
E000354,2025-05-23,,CREW-01,,Maintenance,PTO,2.71
E000355,2025-05-23,,CREW-02,J150,Maintenance,BLOW,6.36
E000356,2025-05-23,,CREW-02,J226,Install,GRADE,4.14
E000357,2025-05-23,,CREW-02,J187,Enhancement,SEASONAL-COLOR,7.01
E000358,2025-05-23,,CREW-02,,Install,DRIVE,1.6
E000359,2025-05-23,,CREW-03,J111,Maintenance,FERT,5.4
E000360,2025-05-23,,CREW-03,J100,Install,PLANT,4.43
E000361,2025-05-23,,CREW-03,,Maintenance,TRAINING,1.95
E000362,2025-05-23,,CREW-04,J210,Maintenance,TRIM,8.32
E000363,2025-05-23,,CREW-04,J294,Enhancement,SEASONAL-COLOR,8.68
E000364,2025-05-23,,CREW-04,,Maintenance,SHOP,0.94
E000365,2025-05-26,,CREW-01,J327,Maintenance,BLOW,4.63
E000366,2025-05-26,,CREW-01,J326,Install,GRADE,6.71
E000367,2025-05-26,,CREW-01,J168,Enhancement,SEASONAL-COLOR,4.99
E000368,2025-05-26,,CREW-01,,Maintenance,PTO,1.41
E000369,2025-05-26,,CREW-02,J145,Maintenance,BLOW,7.56
E000370,2025-05-26,,CREW-02,J184,Install,INSTALL,4.38
E000371,2025-05-26,,CREW-02,J263,Enhancement,MULCH,6.94
E000372,2025-05-26,,CREW-03,J399,Maintenance,MOW,5.31
E000373,2025-05-26,,CREW-03,J131,Install,HARDSCAPE,6.25
E000374,2025-05-26,,CREW-03,,Enhancement,TRAINING,2.48
E000375,2025-05-26,,CREW-04,J136,Maintenance,TRIM,8.21
E000376,2025-05-26,,CREW-04,J344,Install,INSTALL,4.67
E000377,2025-05-27,,CREW-01,J118,Maintenance,FERT,4.72
E000378,2025-05-27,,CREW-01,J248,Install,PLANT,6.7
E000379,2025-05-27,,CREW-01,,Install,PTO,1.65
E000380,2025-05-27,,CREW-02,J117,Maintenance,MOW,8.54
E000381,2025-05-27,,CREW-02,J282,Install,PLANT,8.16
E000382,2025-05-27,,CREW-02,J279,Enhancement,SEASONAL-COLOR,8.61
E000383,2025-05-27,,CREW-02,,Maintenance,TRAINING,2.56
E000384,2025-05-27,,CREW-03,J366,Maintenance,FERT,6.77
E000385,2025-05-27,,CREW-03,J176,Enhancement,MULCH,8.88
E000386,2025-05-27,,CREW-04,J125,Maintenance,TRIM,6.35
E000387,2025-05-27,,CREW-04,J303,Install,HARDSCAPE,8.99
E000388,2025-05-27,,CREW-04,J191,Enhancement,MULCH,4.17
E000389,2025-05-27,,CREW-04,,Maintenance,DRIVE,0.77
E000390,2025-05-28,,CREW-01,J326,Maintenance,BLOW,6.42
E000391,2025-05-28,,CREW-01,J319,Install,INSTALL,6.61
E000392,2025-05-28,,CREW-01,J237,Enhancement,PRUNE,4.77
E000393,2025-05-28,,CREW-01,,Install,TRAINING,1.49
E000394,2025-05-28,,CREW-02,J102,Maintenance,MOW,5.84
E000395,2025-05-28,,CREW-02,J229,Install,GRADE,7.55
E000396,2025-05-28,,CREW-02,J251,Enhancement,PRUNE,5.19
E000397,2025-05-28,,CREW-02,,Enhancement,PTO,1.1
E000398,2025-05-28,,CREW-03,J298,Maintenance,BLOW,4.08
E000399,2025-05-28,,CREW-03,J332,Install,GRADE,5.92
E000400,2025-05-28,,CREW-03,,Maintenance,SHOP,2.04
E000401,2025-05-28,,CREW-04,J115,Maintenance,BLOW,8.08
E000402,2025-05-28,,CREW-04,J275,Install,PLANT,4.08
E000403,2025-05-28,,CREW-04,J264,Enhancement,PRUNE,5.07
E000404,2025-05-29,,CREW-01,J289,Maintenance,BLOW,7.21
E000405,2025-05-29,,CREW-01,J361,Install,PLANT,7.4
E000406,2025-05-29,,CREW-01,,Maintenance,DRIVE,2.04
E000407,2025-05-29,,CREW-02,J383,Maintenance,FERT,8.63
E000408,2025-05-29,,CREW-02,J309,Install,PLANT,6.58
E000409,2025-05-29,,CREW-03,J278,Maintenance,TRIM,4.63
E000410,2025-05-29,,CREW-03,J156,Install,HARDSCAPE,4.36
E000411,2025-05-29,,CREW-03,J304,Enhancement,SEASONAL-COLOR,6.09
E000412,2025-05-29,,CREW-03,,Maintenance,PTO,0.87
E000413,2025-05-29,,CREW-04,J106,Maintenance,MOW,4.59
E000414,2025-05-29,,CREW-04,,Maintenance,PTO,2.65
E000415,2025-05-30,,CREW-01,J322,Maintenance,TRIM,8.42
E000416,2025-05-30,,CREW-01,J234,Install,PLANT,6.6
E000417,2025-05-30,,CREW-01,J128,Enhancement,PRUNE,4.3
E000418,2025-05-30,,CREW-02,J328,Maintenance,MOW,7.67
E000419,2025-05-30,,CREW-02,J304,Install,PLANT,5.35
E000420,2025-05-30,,CREW-02,,Maintenance,TRAINING,2.45
E000421,2025-05-30,,CREW-03,J268,Maintenance,TRIM,5.39
E000422,2025-05-30,,CREW-03,J139,Install,HARDSCAPE,8.34
E000423,2025-05-30,,CREW-03,J150,Enhancement,MULCH,6.64
E000424,2025-05-30,,CREW-03,,Enhancement,SHOP,1.6
E000425,2025-05-30,,CREW-04,J313,Install,GRADE,7.52
E000426,2025-05-30,,CREW-04,J264,Enhancement,PRUNE,6.2
E000427,2025-05-30,,CREW-04,,Enhancement,SHOP,2.54
E000428,2025-06-02,,CREW-01,J273,Maintenance,BLOW,6.22
E000429,2025-06-02,,CREW-01,J337,Install,HARDSCAPE,7.63
E000430,2025-06-02,,CREW-01,J268,Enhancement,SEASONAL-COLOR,4.29
E000431,2025-06-02,,CREW-02,J132,Maintenance,BLOW,4.22
E000432,2025-06-02,,CREW-02,,Install,SHOP,2.78
E000433,2025-06-02,,CREW-03,J227,Maintenance,MOW,7.34
E000434,2025-06-02,,CREW-03,J315,Enhancement,PRUNE,7.89
E000435,2025-06-02,,CREW-03,,Maintenance,DRIVE,2.72
E000436,2025-06-02,,CREW-04,J215,Maintenance,MOW,4.47
E000437,2025-06-02,,CREW-04,J106,Install,INSTALL,5.72
E000438,2025-06-02,,CREW-04,,Maintenance,DRIVE,1.18
E000439,2025-06-03,,CREW-01,J330,Maintenance,BLOW,7.45
E000440,2025-06-03,,CREW-01,J248,Install,INSTALL,5.08
E000441,2025-06-03,,CREW-01,J374,Enhancement,PRUNE,8.59
E000442,2025-06-03,,CREW-01,,Enhancement,TRAINING,1.24
E000443,2025-06-03,,CREW-02,J267,Maintenance,TRIM,6.14
E000444,2025-06-03,,CREW-02,J161,Install,INSTALL,8.35
E000445,2025-06-03,,CREW-02,,Enhancement,PTO,2.63
E000446,2025-06-03,,CREW-03,J221,Maintenance,BLOW,8.58
E000447,2025-06-03,,CREW-03,J358,Install,INSTALL,5.7
E000448,2025-06-03,,CREW-03,J305,Enhancement,PRUNE,6.73
E000449,2025-06-03,,CREW-04,J364,Maintenance,FERT,4.14
E000450,2025-06-03,,CREW-04,J241,Enhancement,PRUNE,7.17
E000451,2025-06-03,,CREW-04,,Enhancement,PTO,1.75
E000452,2025-06-04,,CREW-01,J268,Maintenance,FERT,6.59
E000453,2025-06-04,,CREW-01,J193,Install,PLANT,4.14
E000454,2025-06-04,,CREW-01,,Maintenance,PTO,1.3
E000455,2025-06-04,,CREW-02,J102,Maintenance,BLOW,8.56
E000456,2025-06-04,,CREW-02,J187,Install,GRADE,7.33
E000457,2025-06-04,,CREW-02,J274,Enhancement,PRUNE,8.27
E000458,2025-06-04,,CREW-02,,Install,DRIVE,1.3
E000459,2025-06-04,,CREW-03,J212,Maintenance,BLOW,7.23
E000460,2025-06-04,,CREW-03,J265,Install,PLANT,7.8
E000461,2025-06-04,,CREW-03,J296,Enhancement,MULCH,6.22
E000462,2025-06-04,,CREW-03,,Maintenance,SHOP,1.48
E000463,2025-06-04,,CREW-04,J323,Maintenance,TRIM,8.1
E000464,2025-06-04,,CREW-04,J191,Install,PLANT,5.56
E000465,2025-06-04,,CREW-04,J385,Enhancement,PRUNE,6.93
E000466,2025-06-04,,CREW-04,,Maintenance,SHOP,2.86
E000467,2025-06-05,,CREW-01,J273,Maintenance,FERT,6.67
E000468,2025-06-05,,CREW-02,J290,Maintenance,MOW,6.01
E000469,2025-06-05,,CREW-02,J345,Install,INSTALL,4.0
E000470,2025-06-05,,CREW-02,J169,Enhancement,SEASONAL-COLOR,6.06
E000471,2025-06-05,,CREW-02,,Install,DRIVE,1.27
E000472,2025-06-05,,CREW-03,J370,Maintenance,MOW,5.22
E000473,2025-06-05,,CREW-03,J117,Enhancement,PRUNE,8.0
E000474,2025-06-05,,CREW-04,J344,Maintenance,BLOW,5.8
E000475,2025-06-05,,CREW-04,J377,Install,HARDSCAPE,7.96
E000476,2025-06-05,,CREW-04,J346,Enhancement,MULCH,7.81
E000477,2025-06-05,,CREW-04,,Maintenance,TRAINING,1.88
E000478,2025-06-06,,CREW-01,J364,Maintenance,TRIM,4.21
E000479,2025-06-06,,CREW-01,J230,Install,INSTALL,8.94
E000480,2025-06-06,,CREW-01,J102,Enhancement,SEASONAL-COLOR,6.22
E000481,2025-06-06,,CREW-01,,Enhancement,SHOP,1.07
E000482,2025-06-06,,CREW-02,J117,Maintenance,FERT,7.76
E000483,2025-06-06,,CREW-02,J146,Install,HARDSCAPE,5.19
E000484,2025-06-06,,CREW-02,J334,Enhancement,MULCH,7.15
E000485,2025-06-06,,CREW-02,,Install,DRIVE,1.91
E000486,2025-06-06,,CREW-03,J102,Maintenance,FERT,8.4
E000487,2025-06-06,,CREW-03,J352,Install,HARDSCAPE,6.55
E000488,2025-06-06,,CREW-03,,Install,DRIVE,1.89
E000489,2025-06-06,,CREW-04,J322,Maintenance,BLOW,4.85
E000490,2025-06-06,,CREW-04,J346,Install,GRADE,6.52
E000491,2025-06-09,,CREW-01,J142,Maintenance,BLOW,6.64
E000492,2025-06-09,,CREW-01,J155,Enhancement,PRUNE,5.8
E000493,2025-06-09,,CREW-01,,Maintenance,DRIVE,1.15
E000494,2025-06-09,,CREW-02,J161,Maintenance,MOW,8.19
E000495,2025-06-09,,CREW-02,J377,Enhancement,SEASONAL-COLOR,8.05
E000496,2025-06-09,,CREW-03,J376,Maintenance,BLOW,7.66
E000497,2025-06-09,,CREW-03,J333,Install,HARDSCAPE,5.71
E000498,2025-06-09,,CREW-04,J191,Maintenance,MOW,6.59
E000499,2025-06-09,,CREW-04,J114,Install,INSTALL,8.0
E000500,2025-06-09,,CREW-04,J380,Enhancement,PRUNE,4.23
E000501,2025-06-09,,CREW-04,,Install,PTO,1.31
E000502,2025-06-10,,CREW-01,J372,Maintenance,BLOW,5.42
E000503,2025-06-10,,CREW-01,J317,Install,GRADE,4.25
E000504,2025-06-10,,CREW-01,,Enhancement,SHOP,0.58
E000505,2025-06-10,,CREW-02,J307,Maintenance,MOW,4.75
E000506,2025-06-10,,CREW-02,J147,Install,PLANT,6.04
E000507,2025-06-10,,CREW-02,,Maintenance,TRAINING,1.56
E000508,2025-06-10,,CREW-03,J278,Maintenance,FERT,5.0
E000509,2025-06-10,,CREW-03,J306,Install,INSTALL,4.18
E000510,2025-06-10,,CREW-03,J139,Enhancement,SEASONAL-COLOR,8.28
E000511,2025-06-10,,CREW-03,,Enhancement,TRAINING,2.26
E000512,2025-06-10,,CREW-04,J140,Maintenance,BLOW,8.73
E000513,2025-06-10,,CREW-04,J292,Install,GRADE,6.08
E000514,2025-06-10,,CREW-04,,Enhancement,PTO,1.17
E000515,2025-06-11,,CREW-01,J296,Maintenance,FERT,8.41
E000516,2025-06-11,,CREW-01,,Maintenance,DRIVE,1.62
E000517,2025-06-11,,CREW-02,J391,Maintenance,MOW,5.74
E000518,2025-06-11,,CREW-02,J389,Enhancement,MULCH,5.2
E000519,2025-06-11,,CREW-02,,Maintenance,PTO,1.48
E000520,2025-06-11,,CREW-03,J126,Maintenance,BLOW,4.02
E000521,2025-06-11,,CREW-03,J259,Install,HARDSCAPE,8.48
E000522,2025-06-11,,CREW-03,J351,Enhancement,PRUNE,4.92
E000523,2025-06-11,,CREW-03,,Maintenance,PTO,2.79
E000524,2025-06-11,,CREW-04,J350,Maintenance,MOW,8.74
E000525,2025-06-11,,CREW-04,J145,Install,GRADE,6.43
E000526,2025-06-11,,CREW-04,,Enhancement,TRAINING,1.37
E000527,2025-06-12,,CREW-01,J218,Maintenance,MOW,4.04
E000528,2025-06-12,,CREW-01,J165,Install,INSTALL,6.13
E000529,2025-06-12,,CREW-01,,Maintenance,TRAINING,2.0
E000530,2025-06-12,,CREW-02,J213,Maintenance,FERT,5.63
E000531,2025-06-12,,CREW-02,J366,Install,GRADE,5.1
E000532,2025-06-12,,CREW-02,J383,Enhancement,SEASONAL-COLOR,8.32
E000533,2025-06-12,,CREW-02,,Maintenance,PTO,2.09
E000534,2025-06-12,,CREW-03,J381,Maintenance,FERT,5.84
E000535,2025-06-12,,CREW-03,J292,Install,GRADE,6.79
E000536,2025-06-12,,CREW-03,J124,Enhancement,MULCH,6.85
E000537,2025-06-12,,CREW-03,,Maintenance,PTO,1.04
E000538,2025-06-12,,CREW-04,J390,Maintenance,MOW,5.37
E000539,2025-06-12,,CREW-04,J142,Install,PLANT,7.97
E000540,2025-06-12,,CREW-04,,Maintenance,SHOP,2.95
E000541,2025-06-13,,CREW-01,J231,Maintenance,TRIM,6.54
E000542,2025-06-13,,CREW-01,J371,Install,HARDSCAPE,6.52
E000543,2025-06-13,,CREW-01,J205,Enhancement,MULCH,5.52
E000544,2025-06-13,,CREW-01,,Enhancement,SHOP,2.08
E000545,2025-06-13,,CREW-02,J268,Maintenance,MOW,5.09
E000546,2025-06-13,,CREW-02,J304,Enhancement,PRUNE,4.31
E000547,2025-06-13,,CREW-02,,Install,DRIVE,2.48
E000548,2025-06-13,,CREW-03,J176,Maintenance,MOW,7.94
E000549,2025-06-13,,CREW-03,J216,Enhancement,SEASONAL-COLOR,4.16
E000550,2025-06-13,,CREW-04,J167,Install,HARDSCAPE,8.75
E000551,2025-06-13,,CREW-04,,Enhancement,SHOP,2.34
E000552,2025-06-16,,CREW-01,J209,Maintenance,TRIM,7.32
E000553,2025-06-16,,CREW-02,J288,Maintenance,TRIM,6.0
E000554,2025-06-16,,CREW-02,J252,Install,HARDSCAPE,8.96
E000555,2025-06-16,,CREW-03,J313,Maintenance,BLOW,7.72
E000556,2025-06-16,,CREW-03,J113,Install,PLANT,7.96
E000557,2025-06-16,,CREW-04,J341,Maintenance,FERT,8.11
E000558,2025-06-16,,CREW-04,J343,Enhancement,PRUNE,4.18
E000559,2025-06-16,,CREW-04,,Enhancement,SHOP,0.82
E000560,2025-06-17,,CREW-01,J121,Maintenance,BLOW,7.66
E000561,2025-06-17,,CREW-01,J318,Install,PLANT,4.09
E000562,2025-06-17,,CREW-01,J327,Enhancement,SEASONAL-COLOR,5.54
E000563,2025-06-17,,CREW-01,,Install,PTO,2.96
E000564,2025-06-17,,CREW-02,J354,Enhancement,MULCH,7.9
E000565,2025-06-17,,CREW-02,,Maintenance,PTO,0.61
E000566,2025-06-17,,CREW-03,J324,Maintenance,TRIM,7.48
E000567,2025-06-17,,CREW-03,J291,Install,PLANT,7.25
E000568,2025-06-17,,CREW-03,J230,Enhancement,PRUNE,5.77
E000569,2025-06-17,,CREW-03,,Maintenance,DRIVE,0.98
E000570,2025-06-17,,CREW-04,J151,Maintenance,BLOW,5.85
E000571,2025-06-18,,CREW-01,J147,Maintenance,BLOW,7.09
E000572,2025-06-18,,CREW-01,J334,Install,GRADE,4.44
E000573,2025-06-18,,CREW-01,,Maintenance,SHOP,2.85
E000574,2025-06-18,,CREW-02,J370,Maintenance,BLOW,5.62
E000575,2025-06-18,,CREW-02,J324,Install,HARDSCAPE,7.65
E000576,2025-06-18,,CREW-02,J278,Enhancement,PRUNE,8.87
E000577,2025-06-18,,CREW-02,,Enhancement,TRAINING,2.36
E000578,2025-06-18,,CREW-03,J359,Maintenance,FERT,8.75
E000579,2025-06-18,,CREW-03,J328,Enhancement,MULCH,8.77
E000580,2025-06-18,,CREW-03,,Enhancement,DRIVE,0.78
E000581,2025-06-18,,CREW-04,J285,Maintenance,FERT,7.95
E000582,2025-06-18,,CREW-04,,Install,SHOP,2.18
E000583,2025-06-19,,CREW-01,J236,Maintenance,FERT,4.77
E000584,2025-06-19,,CREW-01,J199,Install,HARDSCAPE,8.15
E000585,2025-06-19,,CREW-01,,Maintenance,SHOP,2.59
E000586,2025-06-19,,CREW-02,J255,Install,INSTALL,4.4
E000587,2025-06-19,,CREW-02,,Maintenance,DRIVE,1.58
E000588,2025-06-19,,CREW-03,J333,Maintenance,TRIM,4.2
E000589,2025-06-19,,CREW-03,J178,Install,PLANT,8.31
E000590,2025-06-19,,CREW-03,J255,Enhancement,PRUNE,7.58
E000591,2025-06-19,,CREW-03,,Enhancement,PTO,1.99
E000592,2025-06-19,,CREW-04,J169,Maintenance,TRIM,4.08
E000593,2025-06-19,,CREW-04,J372,Install,GRADE,8.14
E000594,2025-06-19,,CREW-04,J189,Enhancement,MULCH,7.98
E000595,2025-06-19,,CREW-04,,Install,SHOP,2.47
E000596,2025-06-20,,CREW-01,J317,Maintenance,TRIM,5.87
E000597,2025-06-20,,CREW-01,J174,Install,GRADE,6.81
E000598,2025-06-20,,CREW-01,J262,Enhancement,PRUNE,8.03
E000599,2025-06-20,,CREW-01,,Install,PTO,2.22
E000600,2025-06-20,,CREW-02,J132,Maintenance,MOW,6.15
E000601,2025-06-20,,CREW-02,J354,Install,INSTALL,7.8
E000602,2025-06-20,,CREW-02,,Maintenance,DRIVE,2.05
E000603,2025-06-20,,CREW-03,J365,Maintenance,MOW,4.26
E000604,2025-06-20,,CREW-03,J206,Install,HARDSCAPE,5.06
E000605,2025-06-20,,CREW-03,J289,Enhancement,MULCH,4.99
E000606,2025-06-20,,CREW-03,,Enhancement,DRIVE,1.35
E000607,2025-06-20,,CREW-04,J337,Maintenance,MOW,7.34
E000608,2025-06-20,,CREW-04,J129,Install,INSTALL,4.37
E000609,2025-06-20,,CREW-04,,Maintenance,DRIVE,2.86
E000610,2025-06-23,,CREW-01,J357,Maintenance,FERT,8.53
E000611,2025-06-23,,CREW-01,J327,Install,HARDSCAPE,8.57
E000612,2025-06-23,,CREW-01,,Maintenance,PTO,1.65
E000613,2025-06-23,,CREW-02,J259,Maintenance,MOW,7.24
E000614,2025-06-23,,CREW-02,J185,Install,HARDSCAPE,5.84
E000615,2025-06-23,,CREW-02,J259,Enhancement,SEASONAL-COLOR,8.07
E000616,2025-06-23,,CREW-03,J385,Maintenance,TRIM,7.53
E000617,2025-06-23,,CREW-03,,Maintenance,SHOP,2.95
E000618,2025-06-23,,CREW-04,J331,Maintenance,BLOW,4.34
E000619,2025-06-23,,CREW-04,J157,Install,HARDSCAPE,5.58
E000620,2025-06-24,,CREW-01,J279,Maintenance,FERT,7.68
E000621,2025-06-24,,CREW-01,J196,Install,GRADE,5.87
E000622,2025-06-24,,CREW-01,,Install,TRAINING,1.23
E000623,2025-06-24,,CREW-02,J149,Maintenance,MOW,6.1
E000624,2025-06-24,,CREW-02,,Enhancement,TRAINING,1.13
E000625,2025-06-24,,CREW-03,J323,Maintenance,FERT,5.42
E000626,2025-06-24,,CREW-03,J391,Install,PLANT,6.29
E000627,2025-06-24,,CREW-03,,Enhancement,PTO,2.15
E000628,2025-06-24,,CREW-04,J148,Maintenance,FERT,5.36
E000629,2025-06-24,,CREW-04,,Install,TRAINING,1.84
E000630,2025-06-25,,CREW-01,J397,Maintenance,MOW,8.13
E000631,2025-06-25,,CREW-01,J208,Install,PLANT,7.39
E000632,2025-06-25,,CREW-01,,Install,SHOP,1.77
E000633,2025-06-25,,CREW-02,J278,Maintenance,MOW,5.75
E000634,2025-06-25,,CREW-02,J314,Enhancement,SEASONAL-COLOR,5.72
E000635,2025-06-25,,CREW-02,,Enhancement,TRAINING,1.34
E000636,2025-06-25,,CREW-03,J358,Maintenance,MOW,4.78
E000637,2025-06-25,,CREW-03,J242,Install,PLANT,6.7
E000638,2025-06-25,,CREW-03,,Maintenance,TRAINING,1.52
E000639,2025-06-25,,CREW-04,J344,Maintenance,TRIM,8.31
E000640,2025-06-25,,CREW-04,J204,Install,PLANT,5.01
E000641,2025-06-25,,CREW-04,J213,Enhancement,PRUNE,5.79
E000642,2025-06-25,,CREW-04,,Enhancement,DRIVE,1.04
E000643,2025-06-26,,CREW-01,J139,Maintenance,TRIM,4.41
E000644,2025-06-26,,CREW-01,J245,Install,HARDSCAPE,8.68
E000645,2025-06-26,,CREW-01,J226,Enhancement,SEASONAL-COLOR,8.25
E000646,2025-06-26,,CREW-02,J272,Maintenance,FERT,8.8
E000647,2025-06-26,,CREW-02,J308,Enhancement,PRUNE,6.64
E000648,2025-06-26,,CREW-02,,Install,SHOP,1.48
E000649,2025-06-26,,CREW-03,J154,Maintenance,TRIM,6.6
E000650,2025-06-26,,CREW-03,J344,Enhancement,PRUNE,5.32
E000651,2025-06-26,,CREW-03,,Install,PTO,1.42
E000652,2025-06-26,,CREW-04,J209,Maintenance,FERT,8.94
E000653,2025-06-26,,CREW-04,,Install,TRAINING,0.79
E000654,2025-06-27,,CREW-01,J382,Maintenance,BLOW,7.18
E000655,2025-06-27,,CREW-01,J182,Install,GRADE,8.94
E000656,2025-06-27,,CREW-01,J340,Enhancement,SEASONAL-COLOR,4.07
E000657,2025-06-27,,CREW-01,,Install,SHOP,1.2
E000658,2025-06-27,,CREW-02,J263,Maintenance,BLOW,6.64
E000659,2025-06-27,,CREW-02,J106,Install,PLANT,4.27
E000660,2025-06-27,,CREW-02,J398,Enhancement,PRUNE,8.89
E000661,2025-06-27,,CREW-02,,Maintenance,TRAINING,1.05
E000662,2025-06-27,,CREW-03,J289,Maintenance,MOW,8.39
E000663,2025-06-27,,CREW-03,J278,Install,GRADE,8.75
E000664,2025-06-27,,CREW-04,J315,Maintenance,BLOW,4.26
E000665,2025-06-27,,CREW-04,J253,Install,GRADE,7.78
E000666,2025-06-27,,CREW-04,,Enhancement,SHOP,0.94
E000667,2025-06-30,,CREW-01,J222,Maintenance,BLOW,7.01
E000668,2025-06-30,,CREW-01,J315,Install,HARDSCAPE,6.25
E000669,2025-06-30,,CREW-01,,Enhancement,PTO,2.53
E000670,2025-06-30,,CREW-02,J136,Install,PLANT,5.37
E000671,2025-06-30,,CREW-02,,Install,TRAINING,0.56
E000672,2025-06-30,,CREW-03,J381,Maintenance,TRIM,5.19
E000673,2025-06-30,,CREW-03,J308,Enhancement,PRUNE,6.21
E000674,2025-06-30,,CREW-03,,Install,PTO,1.75
E000675,2025-06-30,,CREW-04,J173,Maintenance,BLOW,5.23
E000676,2025-06-30,,CREW-04,J229,Install,GRADE,8.85
E000677,2025-06-30,,CREW-04,,Install,SHOP,2.45
E000678,2025-07-01,,CREW-01,J133,Maintenance,FERT,4.97
E000679,2025-07-01,,CREW-01,,Enhancement,PTO,2.19
E000680,2025-07-01,,CREW-02,J182,Maintenance,FERT,4.43
E000681,2025-07-01,,CREW-02,J343,Install,HARDSCAPE,4.4
E000682,2025-07-01,,CREW-02,,Install,TRAINING,0.54
E000683,2025-07-01,,CREW-03,J389,Maintenance,FERT,6.81
E000684,2025-07-01,,CREW-03,J388,Enhancement,PRUNE,6.28
E000685,2025-07-01,,CREW-04,J329,Maintenance,MOW,6.03
E000686,2025-07-01,,CREW-04,J237,Install,INSTALL,6.65
E000687,2025-07-01,,CREW-04,J181,Enhancement,MULCH,5.54
E000688,2025-07-01,,CREW-04,,Enhancement,PTO,1.0
E000689,2025-07-02,,CREW-01,J229,Maintenance,FERT,4.78
E000690,2025-07-02,,CREW-01,J192,Install,PLANT,8.73
E000691,2025-07-02,,CREW-01,J222,Enhancement,SEASONAL-COLOR,6.74
E000692,2025-07-02,,CREW-01,,Enhancement,SHOP,1.9
E000693,2025-07-02,,CREW-02,J204,Maintenance,BLOW,4.58
E000694,2025-07-02,,CREW-02,J170,Enhancement,MULCH,5.32
E000695,2025-07-02,,CREW-02,,Maintenance,DRIVE,2.05
E000696,2025-07-02,,CREW-03,J309,Maintenance,BLOW,8.81
E000697,2025-07-02,,CREW-03,J333,Install,GRADE,5.71
E000698,2025-07-02,,CREW-04,J370,Maintenance,FERT,7.52
E000699,2025-07-02,,CREW-04,J274,Install,HARDSCAPE,8.74
E000700,2025-07-02,,CREW-04,,Enhancement,DRIVE,2.63
E000701,2025-07-03,,CREW-01,J104,Maintenance,FERT,5.95
E000702,2025-07-03,,CREW-01,,Enhancement,DRIVE,2.77
E000703,2025-07-03,,CREW-02,J393,Maintenance,BLOW,7.4
E000704,2025-07-03,,CREW-02,J115,Install,HARDSCAPE,6.04
E000705,2025-07-03,,CREW-02,J365,Enhancement,PRUNE,7.55
E000706,2025-07-03,,CREW-02,,Enhancement,SHOP,2.78
E000707,2025-07-03,,CREW-03,J356,Maintenance,MOW,5.84
E000708,2025-07-03,,CREW-03,J180,Install,HARDSCAPE,7.44
E000709,2025-07-03,,CREW-03,,Maintenance,SHOP,2.1
E000710,2025-07-03,,CREW-04,J328,Maintenance,MOW,7.48
E000711,2025-07-03,,CREW-04,J295,Install,HARDSCAPE,8.32
E000712,2025-07-03,,CREW-04,J270,Enhancement,MULCH,7.6
E000713,2025-07-03,,CREW-04,,Install,SHOP,0.8
E000714,2025-07-04,,CREW-01,J243,Maintenance,FERT,7.33
E000715,2025-07-04,,CREW-01,J232,Install,GRADE,5.63
E000716,2025-07-04,,CREW-01,J238,Enhancement,MULCH,4.29
E000717,2025-07-04,,CREW-01,,Maintenance,DRIVE,1.26
E000718,2025-07-04,,CREW-02,J208,Maintenance,MOW,4.54
E000719,2025-07-04,,CREW-02,J253,Install,GRADE,7.13
E000720,2025-07-04,,CREW-02,J391,Enhancement,PRUNE,6.17
E000721,2025-07-04,,CREW-02,,Install,DRIVE,2.02
E000722,2025-07-04,,CREW-03,J214,Maintenance,MOW,7.08
E000723,2025-07-04,,CREW-03,,Maintenance,PTO,2.13
E000724,2025-07-04,,CREW-04,J247,Maintenance,TRIM,7.65
E000725,2025-07-04,,CREW-04,J245,Install,GRADE,7.38
E000726,2025-07-04,,CREW-04,,Install,TRAINING,1.31
E000727,2025-07-07,,CREW-01,J271,Maintenance,BLOW,6.53
E000728,2025-07-07,,CREW-01,,Enhancement,SHOP,1.12
E000729,2025-07-07,,CREW-02,J321,Enhancement,PRUNE,4.43
E000730,2025-07-07,,CREW-02,,Enhancement,DRIVE,2.46
E000731,2025-07-07,,CREW-03,J216,Maintenance,BLOW,5.69
E000732,2025-07-07,,CREW-03,,Maintenance,DRIVE,2.17
E000733,2025-07-07,,CREW-04,J244,Maintenance,FERT,5.33
E000734,2025-07-07,,CREW-04,J136,Enhancement,MULCH,8.35
E000735,2025-07-07,,CREW-04,,Maintenance,TRAINING,1.79
E000736,2025-07-08,,CREW-01,J183,Maintenance,FERT,7.28
E000737,2025-07-08,,CREW-01,J336,Install,INSTALL,4.19
E000738,2025-07-08,,CREW-01,J313,Enhancement,MULCH,5.32
E000739,2025-07-08,,CREW-01,,Maintenance,TRAINING,2.64
E000740,2025-07-08,,CREW-02,J253,Install,INSTALL,4.32
E000741,2025-07-08,,CREW-02,J141,Enhancement,MULCH,7.87
E000742,2025-07-08,,CREW-02,,Install,TRAINING,1.06
E000743,2025-07-08,,CREW-03,J313,Maintenance,BLOW,5.0
E000744,2025-07-08,,CREW-03,J220,Install,HARDSCAPE,6.27
E000745,2025-07-08,,CREW-04,J109,Maintenance,BLOW,7.59
E000746,2025-07-08,,CREW-04,J384,Install,GRADE,4.12
E000747,2025-07-08,,CREW-04,J337,Enhancement,SEASONAL-COLOR,5.24
E000748,2025-07-08,,CREW-04,,Maintenance,SHOP,2.09
E000749,2025-07-09,,CREW-01,J221,Maintenance,TRIM,7.43
E000750,2025-07-09,,CREW-01,J282,Install,HARDSCAPE,8.79
E000751,2025-07-09,,CREW-01,,Maintenance,SHOP,0.73
E000752,2025-07-09,,CREW-02,J215,Install,PLANT,4.31
E000753,2025-07-09,,CREW-02,J319,Enhancement,SEASONAL-COLOR,5.36
E000754,2025-07-09,,CREW-02,,Install,PTO,0.59
E000755,2025-07-09,,CREW-03,J293,Maintenance,FERT,8.63
E000756,2025-07-09,,CREW-03,J298,Install,PLANT,6.9
E000757,2025-07-09,,CREW-03,J384,Enhancement,PRUNE,8.3
E000758,2025-07-09,,CREW-03,,Maintenance,SHOP,0.71
E000759,2025-07-09,,CREW-04,J392,Maintenance,MOW,6.46
E000760,2025-07-09,,CREW-04,J232,Enhancement,PRUNE,5.26
E000761,2025-07-09,,CREW-04,,Enhancement,PTO,2.17
E000762,2025-07-10,,CREW-01,J164,Maintenance,MOW,8.58
E000763,2025-07-10,,CREW-01,,Enhancement,PTO,2.61
E000764,2025-07-10,,CREW-02,J229,Maintenance,FERT,8.48
E000765,2025-07-10,,CREW-02,J280,Install,HARDSCAPE,8.61
E000766,2025-07-10,,CREW-02,,Enhancement,SHOP,2.33
E000767,2025-07-10,,CREW-03,J366,Maintenance,BLOW,6.67
E000768,2025-07-10,,CREW-03,,Install,SHOP,2.76
E000769,2025-07-10,,CREW-04,J278,Maintenance,MOW,5.28
E000770,2025-07-10,,CREW-04,,Install,PTO,1.21
E000771,2025-07-11,,CREW-01,J340,Maintenance,FERT,8.7
E000772,2025-07-11,,CREW-02,J321,Maintenance,BLOW,8.7
E000773,2025-07-11,,CREW-02,J318,Install,PLANT,8.67
E000774,2025-07-11,,CREW-02,,Maintenance,DRIVE,1.29
E000775,2025-07-11,,CREW-03,J251,Maintenance,BLOW,4.37
E000776,2025-07-11,,CREW-03,J286,Install,HARDSCAPE,8.72
E000777,2025-07-11,,CREW-03,,Enhancement,DRIVE,2.47
E000778,2025-07-11,,CREW-04,J212,Maintenance,MOW,7.51
E000779,2025-07-11,,CREW-04,J316,Install,PLANT,4.23
E000780,2025-07-11,,CREW-04,J296,Enhancement,SEASONAL-COLOR,6.49
E000781,2025-07-11,,CREW-04,,Install,PTO,0.9
E000782,2025-07-14,,CREW-01,J150,Maintenance,MOW,6.02
E000783,2025-07-14,,CREW-01,J363,Enhancement,PRUNE,5.19
E000784,2025-07-14,,CREW-01,,Enhancement,PTO,1.84
E000785,2025-07-14,,CREW-02,J281,Maintenance,FERT,7.73
E000786,2025-07-14,,CREW-02,,Enhancement,SHOP,1.8
E000787,2025-07-14,,CREW-03,J269,Maintenance,TRIM,8.02
E000788,2025-07-14,,CREW-03,J364,Install,HARDSCAPE,5.99
E000789,2025-07-14,,CREW-03,,Maintenance,PTO,1.78
E000790,2025-07-14,,CREW-04,J388,Maintenance,BLOW,4.38
E000791,2025-07-14,,CREW-04,J177,Install,HARDSCAPE,8.49
E000792,2025-07-14,,CREW-04,,Enhancement,PTO,0.56
E000793,2025-07-15,,CREW-01,J337,Install,GRADE,6.52
E000794,2025-07-15,,CREW-01,,Maintenance,PTO,1.26
E000795,2025-07-15,,CREW-02,J318,Maintenance,TRIM,6.13
E000796,2025-07-15,,CREW-02,J348,Install,INSTALL,6.77
E000797,2025-07-15,,CREW-02,,Enhancement,SHOP,2.29
E000798,2025-07-15,,CREW-03,J343,Maintenance,BLOW,6.17
E000799,2025-07-15,,CREW-03,J243,Install,INSTALL,6.2
E000800,2025-07-15,,CREW-03,J156,Enhancement,SEASONAL-COLOR,4.98
E000801,2025-07-15,,CREW-03,,Install,TRAINING,1.0
E000802,2025-07-15,,CREW-04,J386,Maintenance,BLOW,8.59
E000803,2025-07-15,,CREW-04,J340,Enhancement,PRUNE,4.67
E000804,2025-07-15,,CREW-04,,Enhancement,TRAINING,1.81
E000805,2025-07-16,,CREW-01,J302,Maintenance,TRIM,6.08
E000806,2025-07-16,,CREW-01,J265,Install,HARDSCAPE,5.65
E000807,2025-07-16,,CREW-01,,Maintenance,TRAINING,1.96
E000808,2025-07-16,,CREW-02,J334,Maintenance,FERT,5.59
E000809,2025-07-16,,CREW-02,,Enhancement,SHOP,1.43
E000810,2025-07-16,,CREW-03,J139,Maintenance,TRIM,7.02
E000811,2025-07-16,,CREW-03,J350,Install,INSTALL,6.54
E000812,2025-07-16,,CREW-03,J222,Enhancement,SEASONAL-COLOR,7.09
E000813,2025-07-16,,CREW-04,J102,Maintenance,FERT,6.51
E000814,2025-07-16,,CREW-04,,Install,DRIVE,2.04
E000815,2025-07-17,,CREW-01,J104,Maintenance,FERT,5.33
E000816,2025-07-17,,CREW-01,J213,Enhancement,MULCH,7.72
E000817,2025-07-17,,CREW-01,,Install,TRAINING,0.62
E000818,2025-07-17,,CREW-02,J233,Install,HARDSCAPE,4.85
E000819,2025-07-17,,CREW-02,,Install,DRIVE,2.89
E000820,2025-07-17,,CREW-03,J296,Maintenance,TRIM,6.76
E000821,2025-07-17,,CREW-03,J229,Install,INSTALL,8.82
E000822,2025-07-17,,CREW-03,,Install,TRAINING,0.64
E000823,2025-07-17,,CREW-04,J366,Maintenance,TRIM,5.73
E000824,2025-07-17,,CREW-04,,Enhancement,PTO,1.24
E000825,2025-07-18,,CREW-01,J356,Maintenance,TRIM,6.69
E000826,2025-07-18,,CREW-01,,Install,DRIVE,2.16
E000827,2025-07-18,,CREW-02,J116,Maintenance,FERT,6.25
E000828,2025-07-18,,CREW-02,J116,Install,GRADE,7.7
E000829,2025-07-18,,CREW-02,J392,Enhancement,SEASONAL-COLOR,4.47
E000830,2025-07-18,,CREW-02,,Install,SHOP,2.16
E000831,2025-07-18,,CREW-03,J154,Enhancement,PRUNE,5.1
E000832,2025-07-18,,CREW-03,,Install,SHOP,1.17
E000833,2025-07-18,,CREW-04,J255,Maintenance,TRIM,8.88
E000834,2025-07-18,,CREW-04,J265,Enhancement,PRUNE,7.32
E000835,2025-07-18,,CREW-04,,Install,SHOP,2.01
E000836,2025-07-21,,CREW-01,J326,Maintenance,FERT,8.17
E000837,2025-07-21,,CREW-01,J269,Install,INSTALL,8.13
E000838,2025-07-21,,CREW-01,J271,Enhancement,MULCH,6.12
E000839,2025-07-21,,CREW-01,,Maintenance,DRIVE,0.61
E000840,2025-07-21,,CREW-02,J276,Maintenance,BLOW,8.79
E000841,2025-07-21,,CREW-02,J260,Install,HARDSCAPE,4.78
E000842,2025-07-21,,CREW-02,,Install,DRIVE,1.1
E000843,2025-07-21,,CREW-03,J182,Maintenance,TRIM,7.64
E000844,2025-07-21,,CREW-03,J277,Install,HARDSCAPE,4.61
E000845,2025-07-21,,CREW-04,J350,Maintenance,FERT,8.82
E000846,2025-07-21,,CREW-04,J148,Enhancement,SEASONAL-COLOR,4.63
E000847,2025-07-21,,CREW-04,,Install,PTO,1.8
E000848,2025-07-22,,CREW-01,J220,Maintenance,MOW,4.13
E000849,2025-07-22,,CREW-01,J190,Install,GRADE,5.01
E000850,2025-07-22,,CREW-01,J328,Enhancement,PRUNE,6.89
E000851,2025-07-22,,CREW-01,,Install,SHOP,0.55
E000852,2025-07-22,,CREW-02,J126,Maintenance,BLOW,4.51
E000853,2025-07-22,,CREW-02,J225,Install,GRADE,7.43
E000854,2025-07-22,,CREW-02,,Maintenance,DRIVE,1.61
E000855,2025-07-22,,CREW-03,J313,Maintenance,FERT,7.78
E000856,2025-07-22,,CREW-03,J167,Install,PLANT,8.69
E000857,2025-07-22,,CREW-03,,Enhancement,TRAINING,2.28
E000858,2025-07-22,,CREW-04,J321,Maintenance,MOW,4.96
E000859,2025-07-22,,CREW-04,J179,Install,INSTALL,7.47
E000860,2025-07-22,,CREW-04,J352,Enhancement,MULCH,8.3
E000861,2025-07-22,,CREW-04,,Install,TRAINING,2.98
E000862,2025-07-23,,CREW-01,J212,Maintenance,TRIM,5.9
E000863,2025-07-23,,CREW-01,,Enhancement,SHOP,2.29
E000864,2025-07-23,,CREW-02,J103,Maintenance,MOW,7.21
E000865,2025-07-23,,CREW-02,J355,Install,PLANT,5.76
E000866,2025-07-23,,CREW-02,J200,Enhancement,PRUNE,7.01
E000867,2025-07-23,,CREW-02,,Enhancement,TRAINING,1.53
E000868,2025-07-23,,CREW-03,J369,Maintenance,FERT,7.56
E000869,2025-07-23,,CREW-03,J188,Install,INSTALL,5.25
E000870,2025-07-23,,CREW-03,,Maintenance,TRAINING,0.54
E000871,2025-07-23,,CREW-04,J348,Maintenance,FERT,7.66
E000872,2025-07-23,,CREW-04,,Install,DRIVE,2.65
E000873,2025-07-24,,CREW-01,J285,Maintenance,MOW,5.38
E000874,2025-07-24,,CREW-01,J167,Install,HARDSCAPE,7.97
E000875,2025-07-24,,CREW-01,,Install,SHOP,0.61
E000876,2025-07-24,,CREW-02,J388,Maintenance,MOW,6.63
E000877,2025-07-24,,CREW-02,J399,Install,HARDSCAPE,4.75
E000878,2025-07-24,,CREW-02,J299,Enhancement,SEASONAL-COLOR,4.77
E000879,2025-07-24,,CREW-03,J269,Install,PLANT,6.98
E000880,2025-07-24,,CREW-03,J155,Enhancement,MULCH,7.16
E000881,2025-07-24,,CREW-03,,Install,SHOP,2.29
E000882,2025-07-24,,CREW-04,J139,Install,GRADE,7.76
E000883,2025-07-25,,CREW-01,J144,Maintenance,FERT,6.34
E000884,2025-07-25,,CREW-01,J331,Install,INSTALL,7.26
E000885,2025-07-25,,CREW-01,,Enhancement,DRIVE,2.01
E000886,2025-07-25,,CREW-02,J361,Install,PLANT,4.38
E000887,2025-07-25,,CREW-02,J334,Enhancement,PRUNE,6.6
E000888,2025-07-25,,CREW-03,J367,Enhancement,MULCH,4.27
E000889,2025-07-25,,CREW-03,,Install,PTO,1.49
E000890,2025-07-25,,CREW-04,J396,Maintenance,MOW,4.06
E000891,2025-07-25,,CREW-04,,Maintenance,SHOP,2.7
E000892,2025-07-28,,CREW-01,J250,Maintenance,FERT,6.22
E000893,2025-07-28,,CREW-01,J173,Install,INSTALL,6.86
E000894,2025-07-28,,CREW-01,,Enhancement,PTO,2.0
E000895,2025-07-28,,CREW-02,J156,Maintenance,BLOW,4.98
E000896,2025-07-28,,CREW-02,J361,Install,PLANT,6.53
E000897,2025-07-28,,CREW-03,J293,Maintenance,MOW,8.47
E000898,2025-07-28,,CREW-03,J275,Install,GRADE,6.8
E000899,2025-07-28,,CREW-03,J301,Enhancement,SEASONAL-COLOR,5.53
E000900,2025-07-28,,CREW-03,,Install,TRAINING,2.46
E000901,2025-07-28,,CREW-04,J292,Maintenance,BLOW,6.89
E000902,2025-07-29,,CREW-01,J112,Maintenance,TRIM,5.53
E000903,2025-07-29,,CREW-01,J296,Install,PLANT,6.14
E000904,2025-07-29,,CREW-01,J206,Enhancement,MULCH,8.5
E000905,2025-07-29,,CREW-01,,Maintenance,PTO,2.17
E000906,2025-07-29,,CREW-02,J238,Maintenance,TRIM,6.79
E000907,2025-07-29,,CREW-02,J154,Install,PLANT,6.21
E000908,2025-07-29,,CREW-02,,Install,PTO,2.67
E000909,2025-07-29,,CREW-03,J113,Maintenance,FERT,7.51
E000910,2025-07-29,,CREW-03,J373,Install,INSTALL,4.66
E000911,2025-07-29,,CREW-03,,Install,DRIVE,1.24
E000912,2025-07-29,,CREW-04,J335,Install,INSTALL,4.98
E000913,2025-07-29,,CREW-04,,Install,TRAINING,2.75
E000914,2025-07-30,,CREW-01,J303,Maintenance,TRIM,4.83
E000915,2025-07-30,,CREW-01,J233,Enhancement,PRUNE,6.68
E000916,2025-07-30,,CREW-01,,Enhancement,PTO,1.99
E000917,2025-07-30,,CREW-02,J179,Install,PLANT,4.98
E000918,2025-07-30,,CREW-02,J332,Enhancement,SEASONAL-COLOR,4.68
E000919,2025-07-30,,CREW-03,J101,Maintenance,BLOW,7.66
E000920,2025-07-30,,CREW-03,J304,Install,GRADE,7.89
E000921,2025-07-30,,CREW-03,J266,Enhancement,SEASONAL-COLOR,7.4
E000922,2025-07-30,,CREW-03,,Enhancement,PTO,1.98
E000923,2025-07-30,,CREW-04,J269,Maintenance,FERT,7.4
E000924,2025-07-30,,CREW-04,J242,Install,INSTALL,7.26
E000925,2025-07-30,,CREW-04,,Enhancement,DRIVE,0.71
E000926,2025-07-31,,CREW-01,J118,Maintenance,FERT,4.57
E000927,2025-07-31,,CREW-01,J271,Install,INSTALL,7.98
E000928,2025-07-31,,CREW-01,,Enhancement,SHOP,2.8
E000929,2025-07-31,,CREW-02,J105,Maintenance,MOW,6.7
E000930,2025-07-31,,CREW-02,J236,Install,INSTALL,7.05
E000931,2025-07-31,,CREW-02,J314,Enhancement,SEASONAL-COLOR,6.53
E000932,2025-07-31,,CREW-02,,Maintenance,SHOP,2.53
E000933,2025-07-31,,CREW-03,J276,Maintenance,MOW,7.53
E000934,2025-07-31,,CREW-03,J153,Install,INSTALL,8.0
E000935,2025-07-31,,CREW-03,,Maintenance,SHOP,1.2
E000936,2025-07-31,,CREW-04,J302,Maintenance,FERT,5.83
E000937,2025-07-31,,CREW-04,,Enhancement,TRAINING,2.86
E000938,2025-08-01,,CREW-01,J129,Maintenance,FERT,4.24
E000939,2025-08-01,,CREW-01,J256,Install,GRADE,4.47
E000940,2025-08-01,,CREW-02,J221,Maintenance,BLOW,6.8
E000941,2025-08-01,,CREW-02,J396,Install,GRADE,7.21
E000942,2025-08-01,,CREW-02,J333,Enhancement,SEASONAL-COLOR,8.12
E000943,2025-08-01,,CREW-02,,Install,DRIVE,1.85
E000944,2025-08-01,,CREW-03,J192,Maintenance,TRIM,7.31
E000945,2025-08-01,,CREW-03,J188,Install,INSTALL,5.89
E000946,2025-08-01,,CREW-03,J356,Enhancement,MULCH,5.84
E000947,2025-08-01,,CREW-03,,Install,PTO,2.4
E000948,2025-08-01,,CREW-04,J280,Maintenance,MOW,4.01
E000949,2025-08-01,,CREW-04,J255,Install,PLANT,5.31
E000950,2025-08-01,,CREW-04,J376,Enhancement,PRUNE,7.62
E000951,2025-08-01,,CREW-04,,Maintenance,DRIVE,2.86
E000952,2025-08-04,,CREW-01,J174,Maintenance,BLOW,7.49
E000953,2025-08-04,,CREW-01,J313,Enhancement,MULCH,8.46
E000954,2025-08-04,,CREW-01,,Enhancement,SHOP,1.6
E000955,2025-08-04,,CREW-02,J263,Maintenance,FERT,8.01
E000956,2025-08-04,,CREW-02,J312,Install,GRADE,8.95
E000957,2025-08-04,,CREW-03,J384,Maintenance,FERT,8.77
E000958,2025-08-04,,CREW-03,,Maintenance,TRAINING,2.52
E000959,2025-08-04,,CREW-04,J362,Maintenance,MOW,8.9
E000960,2025-08-04,,CREW-04,J154,Install,HARDSCAPE,4.77
E000961,2025-08-04,,CREW-04,J222,Enhancement,PRUNE,6.61
E000962,2025-08-05,,CREW-01,J256,Maintenance,TRIM,8.82
E000963,2025-08-05,,CREW-01,J181,Install,GRADE,8.7
E000964,2025-08-05,,CREW-01,J227,Enhancement,PRUNE,8.35
E000965,2025-08-05,,CREW-01,,Maintenance,SHOP,2.07
E000966,2025-08-05,,CREW-02,J294,Maintenance,TRIM,4.13
E000967,2025-08-05,,CREW-02,,Maintenance,PTO,0.69
E000968,2025-08-05,,CREW-03,J180,Maintenance,BLOW,6.07
E000969,2025-08-05,,CREW-03,J380,Install,HARDSCAPE,5.96
E000970,2025-08-05,,CREW-03,,Enhancement,TRAINING,1.08
E000971,2025-08-05,,CREW-04,J385,Maintenance,TRIM,4.11
E000972,2025-08-05,,CREW-04,J358,Enhancement,MULCH,7.71
E000973,2025-08-05,,CREW-04,,Maintenance,TRAINING,1.09
E000974,2025-08-06,,CREW-01,J162,Maintenance,FERT,8.57
E000975,2025-08-06,,CREW-01,,Install,PTO,0.88
E000976,2025-08-06,,CREW-02,J185,Install,GRADE,8.31
E000977,2025-08-06,,CREW-02,J132,Enhancement,SEASONAL-COLOR,4.82
E000978,2025-08-06,,CREW-02,,Install,TRAINING,2.33
E000979,2025-08-06,,CREW-03,J352,Maintenance,TRIM,8.87
E000980,2025-08-06,,CREW-03,J341,Install,GRADE,4.18
E000981,2025-08-06,,CREW-03,J190,Enhancement,PRUNE,6.34
E000982,2025-08-06,,CREW-03,,Install,PTO,1.52
E000983,2025-08-06,,CREW-04,J131,Maintenance,MOW,7.51
E000984,2025-08-06,,CREW-04,J285,Install,GRADE,4.91
E000985,2025-08-06,,CREW-04,,Install,SHOP,0.88
E000986,2025-08-07,,CREW-01,J218,Install,GRADE,7.0
E000987,2025-08-07,,CREW-01,J359,Enhancement,PRUNE,8.46
E000988,2025-08-07,,CREW-01,,Install,TRAINING,1.38
E000989,2025-08-07,,CREW-02,J257,Maintenance,TRIM,5.51
E000990,2025-08-07,,CREW-02,J264,Install,GRADE,7.13
E000991,2025-08-07,,CREW-02,J394,Enhancement,SEASONAL-COLOR,5.96
E000992,2025-08-07,,CREW-02,,Maintenance,DRIVE,1.51
E000993,2025-08-07,,CREW-03,J347,Maintenance,MOW,5.03
E000994,2025-08-07,,CREW-03,J181,Enhancement,PRUNE,4.38
E000995,2025-08-07,,CREW-03,,Enhancement,PTO,0.55
E000996,2025-08-07,,CREW-04,J170,Install,INSTALL,8.3
E000997,2025-08-07,,CREW-04,,Maintenance,DRIVE,2.75
E000998,2025-08-08,,CREW-01,J306,Maintenance,TRIM,6.56
E000999,2025-08-08,,CREW-02,,Enhancement,SHOP,2.24
E001000,2025-08-08,,CREW-03,J247,Maintenance,FERT,5.03
E001001,2025-08-08,,CREW-03,J366,Enhancement,MULCH,7.43
E001002,2025-08-08,,CREW-03,,Maintenance,PTO,0.85
E001003,2025-08-08,,CREW-04,J322,Install,HARDSCAPE,7.67
E001004,2025-08-11,,CREW-01,J194,Maintenance,BLOW,4.48
E001005,2025-08-11,,CREW-01,J324,Install,INSTALL,5.77
E001006,2025-08-11,,CREW-01,J159,Enhancement,MULCH,8.92
E001007,2025-08-11,,CREW-01,,Install,DRIVE,1.73
E001008,2025-08-11,,CREW-02,J182,Maintenance,FERT,8.13
E001009,2025-08-11,,CREW-02,,Maintenance,PTO,2.4
E001010,2025-08-11,,CREW-03,J222,Maintenance,MOW,6.45
E001011,2025-08-11,,CREW-03,J225,Install,HARDSCAPE,7.0
E001012,2025-08-11,,CREW-04,J395,Maintenance,TRIM,8.05
E001013,2025-08-11,,CREW-04,J141,Install,INSTALL,8.99
E001014,2025-08-11,,CREW-04,J179,Enhancement,PRUNE,6.51
E001015,2025-08-11,,CREW-04,,Install,DRIVE,1.06
E001016,2025-08-12,,CREW-01,J108,Maintenance,TRIM,6.73
E001017,2025-08-12,,CREW-01,J364,Install,INSTALL,7.14
E001018,2025-08-12,,CREW-01,,Maintenance,DRIVE,1.08
E001019,2025-08-12,,CREW-02,J343,Maintenance,BLOW,7.29
E001020,2025-08-12,,CREW-02,J229,Install,PLANT,6.83
E001021,2025-08-12,,CREW-02,,Maintenance,PTO,0.82
E001022,2025-08-12,,CREW-03,J366,Maintenance,FERT,6.43
E001023,2025-08-12,,CREW-03,J157,Install,INSTALL,4.21
E001024,2025-08-12,,CREW-04,J159,Maintenance,MOW,6.81
E001025,2025-08-12,,CREW-04,J106,Install,INSTALL,4.2
E001026,2025-08-12,,CREW-04,J205,Enhancement,SEASONAL-COLOR,4.67
E001027,2025-08-12,,CREW-04,,Enhancement,SHOP,2.52
E001028,2025-08-13,,CREW-01,J224,Maintenance,TRIM,5.2
E001029,2025-08-13,,CREW-01,J312,Enhancement,PRUNE,8.01
E001030,2025-08-13,,CREW-01,,Maintenance,DRIVE,2.28
E001031,2025-08-13,,CREW-02,J168,Install,PLANT,8.57
E001032,2025-08-13,,CREW-02,J110,Enhancement,PRUNE,7.02
E001033,2025-08-13,,CREW-02,,Maintenance,PTO,1.17
E001034,2025-08-13,,CREW-03,J347,Maintenance,BLOW,8.37
E001035,2025-08-13,,CREW-03,J177,Install,GRADE,4.11
E001036,2025-08-13,,CREW-03,J285,Enhancement,PRUNE,4.52
E001037,2025-08-13,,CREW-03,,Maintenance,SHOP,2.71
E001038,2025-08-13,,CREW-04,J191,Maintenance,MOW,7.12
E001039,2025-08-13,,CREW-04,J118,Install,INSTALL,4.73
E001040,2025-08-13,,CREW-04,,Maintenance,PTO,2.88
E001041,2025-08-14,,CREW-01,J133,Maintenance,MOW,7.22
E001042,2025-08-14,,CREW-01,J136,Install,GRADE,5.27
E001043,2025-08-14,,CREW-01,J228,Enhancement,PRUNE,5.44
E001044,2025-08-14,,CREW-01,,Install,PTO,2.91
E001045,2025-08-14,,CREW-02,J146,Install,PLANT,4.03
E001046,2025-08-14,,CREW-02,J389,Enhancement,PRUNE,6.65
E001047,2025-08-14,,CREW-02,,Install,DRIVE,2.33
E001048,2025-08-14,,CREW-03,J293,Maintenance,TRIM,6.01
E001049,2025-08-14,,CREW-03,J218,Install,PLANT,4.51
E001050,2025-08-14,,CREW-03,J249,Enhancement,PRUNE,7.66
E001051,2025-08-14,,CREW-04,J105,Maintenance,MOW,4.47
E001052,2025-08-14,,CREW-04,J228,Install,INSTALL,7.32
E001053,2025-08-14,,CREW-04,J346,Enhancement,PRUNE,8.03
E001054,2025-08-15,,CREW-01,J306,Maintenance,FERT,4.21
E001055,2025-08-15,,CREW-01,J185,Install,INSTALL,7.79
E001056,2025-08-15,,CREW-01,,Enhancement,DRIVE,2.22
E001057,2025-08-15,,CREW-02,J392,Maintenance,MOW,6.93
E001058,2025-08-15,,CREW-02,J324,Install,GRADE,8.16
E001059,2025-08-15,,CREW-02,J287,Enhancement,PRUNE,6.76
E001060,2025-08-15,,CREW-02,,Enhancement,TRAINING,1.34
E001061,2025-08-15,,CREW-03,J339,Install,PLANT,4.04
E001062,2025-08-15,,CREW-03,,Enhancement,TRAINING,2.25
E001063,2025-08-15,,CREW-04,J156,Maintenance,FERT,4.41
E001064,2025-08-15,,CREW-04,,Install,SHOP,0.52
E001065,2025-08-18,,CREW-01,J185,Maintenance,TRIM,4.46
E001066,2025-08-18,,CREW-01,J151,Install,GRADE,7.99
E001067,2025-08-18,,CREW-01,,Maintenance,PTO,2.32
E001068,2025-08-18,,CREW-02,J326,Maintenance,MOW,7.18
E001069,2025-08-18,,CREW-02,,Maintenance,SHOP,2.89
E001070,2025-08-18,,CREW-03,J370,Maintenance,MOW,5.01
E001071,2025-08-18,,CREW-03,J354,Install,PLANT,8.7
E001072,2025-08-18,,CREW-03,,Maintenance,PTO,2.96
E001073,2025-08-18,,CREW-04,J353,Maintenance,MOW,7.81
E001074,2025-08-18,,CREW-04,,Install,SHOP,2.43
E001075,2025-08-19,,CREW-01,J150,Maintenance,TRIM,8.38
E001076,2025-08-19,,CREW-01,,Maintenance,DRIVE,2.14
E001077,2025-08-19,,CREW-02,J287,Maintenance,TRIM,8.89
E001078,2025-08-19,,CREW-02,J304,Install,INSTALL,6.01
E001079,2025-08-19,,CREW-02,,Maintenance,PTO,1.79
E001080,2025-08-19,,CREW-03,J187,Maintenance,FERT,4.9
E001081,2025-08-19,,CREW-03,J228,Install,INSTALL,5.15
E001082,2025-08-19,,CREW-04,J172,Maintenance,TRIM,7.02
E001083,2025-08-19,,CREW-04,J157,Install,GRADE,5.32
E001084,2025-08-19,,CREW-04,J102,Enhancement,SEASONAL-COLOR,7.09
E001085,2025-08-19,,CREW-04,,Install,TRAINING,1.21
E001086,2025-08-20,,CREW-01,J313,Maintenance,TRIM,8.94
E001087,2025-08-20,,CREW-01,J232,Enhancement,PRUNE,7.3
E001088,2025-08-20,,CREW-01,,Install,PTO,2.95
E001089,2025-08-20,,CREW-02,J132,Maintenance,FERT,7.94
E001090,2025-08-20,,CREW-02,J211,Install,INSTALL,5.56
E001091,2025-08-20,,CREW-02,,Enhancement,SHOP,2.87
E001092,2025-08-20,,CREW-03,J137,Maintenance,BLOW,5.78
E001093,2025-08-20,,CREW-03,,Enhancement,DRIVE,1.15
E001094,2025-08-20,,CREW-04,J159,Maintenance,TRIM,4.14
E001095,2025-08-20,,CREW-04,J154,Install,HARDSCAPE,4.07
E001096,2025-08-20,,CREW-04,J395,Enhancement,MULCH,4.26
E001097,2025-08-20,,CREW-04,,Install,PTO,2.63
E001098,2025-08-21,,CREW-01,J100,Maintenance,MOW,7.1
E001099,2025-08-21,,CREW-02,J251,Maintenance,TRIM,4.29
E001100,2025-08-21,,CREW-02,J288,Install,INSTALL,5.64
E001101,2025-08-21,,CREW-02,,Maintenance,TRAINING,0.79
E001102,2025-08-21,,CREW-03,J196,Maintenance,BLOW,8.14
E001103,2025-08-21,,CREW-03,J258,Install,INSTALL,6.51
E001104,2025-08-21,,CREW-03,J137,Enhancement,MULCH,6.36
E001105,2025-08-21,,CREW-03,,Enhancement,PTO,0.98
E001106,2025-08-21,,CREW-04,J278,Maintenance,MOW,5.85
E001107,2025-08-21,,CREW-04,J306,Install,GRADE,5.19
E001108,2025-08-22,,CREW-01,J193,Maintenance,FERT,7.81
E001109,2025-08-22,,CREW-01,J351,Install,PLANT,8.06
E001110,2025-08-22,,CREW-01,J119,Enhancement,MULCH,4.65
E001111,2025-08-22,,CREW-01,,Enhancement,PTO,2.38
E001112,2025-08-22,,CREW-02,J262,Maintenance,MOW,4.99
E001113,2025-08-22,,CREW-02,J240,Enhancement,PRUNE,6.08
E001114,2025-08-22,,CREW-02,,Enhancement,SHOP,0.68
E001115,2025-08-22,,CREW-03,J364,Maintenance,BLOW,8.55
E001116,2025-08-22,,CREW-03,,Enhancement,TRAINING,2.84
E001117,2025-08-22,,CREW-04,J293,Maintenance,BLOW,5.18
E001118,2025-08-22,,CREW-04,J389,Enhancement,PRUNE,5.23
E001119,2025-08-22,,CREW-04,,Install,TRAINING,2.64
E001120,2025-08-25,,CREW-01,J351,Maintenance,FERT,6.88
E001121,2025-08-25,,CREW-01,J258,Install,PLANT,7.3
E001122,2025-08-25,,CREW-01,J325,Enhancement,PRUNE,7.82
E001123,2025-08-25,,CREW-01,,Enhancement,DRIVE,1.47
E001124,2025-08-25,,CREW-02,J373,Maintenance,FERT,7.99
E001125,2025-08-25,,CREW-02,J362,Install,GRADE,8.31
E001126,2025-08-25,,CREW-02,J153,Enhancement,MULCH,8.2
E001127,2025-08-25,,CREW-03,J301,Maintenance,FERT,7.1
E001128,2025-08-25,,CREW-03,J338,Enhancement,MULCH,6.43
E001129,2025-08-25,,CREW-03,,Install,PTO,0.63
E001130,2025-08-25,,CREW-04,J299,Maintenance,FERT,8.27
E001131,2025-08-25,,CREW-04,J121,Install,INSTALL,5.23
E001132,2025-08-25,,CREW-04,J394,Enhancement,PRUNE,4.56
E001133,2025-08-25,,CREW-04,,Maintenance,DRIVE,0.82
E001134,2025-08-26,,CREW-01,J337,Maintenance,BLOW,8.6
E001135,2025-08-26,,CREW-01,J196,Install,PLANT,4.26
E001136,2025-08-26,,CREW-01,J371,Enhancement,MULCH,5.97
E001137,2025-08-26,,CREW-01,,Install,TRAINING,2.67
E001138,2025-08-26,,CREW-02,J299,Maintenance,FERT,7.91
E001139,2025-08-26,,CREW-02,,Maintenance,DRIVE,2.17
E001140,2025-08-26,,CREW-03,J353,Maintenance,BLOW,5.06
E001141,2025-08-26,,CREW-03,J127,Install,PLANT,8.19
E001142,2025-08-26,,CREW-03,J182,Enhancement,MULCH,7.87
E001143,2025-08-26,,CREW-03,,Install,PTO,2.76
E001144,2025-08-26,,CREW-04,J345,Maintenance,MOW,7.68
E001145,2025-08-26,,CREW-04,J355,Install,HARDSCAPE,6.71
E001146,2025-08-26,,CREW-04,,Enhancement,PTO,2.27
E001147,2025-08-27,,CREW-01,J306,Maintenance,MOW,5.08
E001148,2025-08-27,,CREW-01,J266,Enhancement,MULCH,8.9
E001149,2025-08-27,,CREW-01,,Install,SHOP,2.66
E001150,2025-08-27,,CREW-02,J382,Maintenance,TRIM,6.01
E001151,2025-08-27,,CREW-02,J239,Install,PLANT,4.74
E001152,2025-08-27,,CREW-02,J196,Enhancement,MULCH,8.09
E001153,2025-08-27,,CREW-02,,Maintenance,PTO,0.55
E001154,2025-08-27,,CREW-03,J278,Maintenance,MOW,7.77
E001155,2025-08-27,,CREW-03,J154,Install,PLANT,6.87
E001156,2025-08-27,,CREW-03,J273,Enhancement,PRUNE,7.89
E001157,2025-08-27,,CREW-03,,Maintenance,SHOP,0.71
E001158,2025-08-27,,CREW-04,J203,Maintenance,FERT,7.72
E001159,2025-08-27,,CREW-04,J328,Enhancement,SEASONAL-COLOR,8.93
E001160,2025-08-27,,CREW-04,,Enhancement,DRIVE,2.34
E001161,2025-08-28,,CREW-01,J250,Maintenance,TRIM,6.62
E001162,2025-08-28,,CREW-01,J220,Install,INSTALL,6.04
E001163,2025-08-28,,CREW-01,J191,Enhancement,PRUNE,5.67
E001164,2025-08-28,,CREW-01,,Enhancement,TRAINING,2.11
E001165,2025-08-28,,CREW-02,J144,Maintenance,FERT,4.45
E001166,2025-08-28,,CREW-02,J110,Install,HARDSCAPE,8.0
E001167,2025-08-28,,CREW-02,J233,Enhancement,SEASONAL-COLOR,8.68
E001168,2025-08-28,,CREW-02,,Install,TRAINING,1.87
E001169,2025-08-28,,CREW-03,J156,Install,HARDSCAPE,4.51
E001170,2025-08-28,,CREW-03,,Install,DRIVE,2.28
E001171,2025-08-28,,CREW-04,J307,Maintenance,BLOW,8.46
E001172,2025-08-28,,CREW-04,J121,Enhancement,PRUNE,4.12
E001173,2025-08-28,,CREW-04,,Enhancement,DRIVE,2.94
E001174,2025-08-29,,CREW-01,J116,Maintenance,BLOW,7.1
E001175,2025-08-29,,CREW-01,J351,Install,HARDSCAPE,6.74
E001176,2025-08-29,,CREW-01,,Maintenance,DRIVE,1.77
E001177,2025-08-29,,CREW-02,J305,Maintenance,TRIM,8.36
E001178,2025-08-29,,CREW-02,J151,Install,HARDSCAPE,4.81
E001179,2025-08-29,,CREW-02,,Enhancement,DRIVE,2.29
E001180,2025-08-29,,CREW-03,J308,Maintenance,FERT,6.48
E001181,2025-08-29,,CREW-03,J109,Install,HARDSCAPE,7.85
E001182,2025-08-29,,CREW-03,,Maintenance,SHOP,1.11
E001183,2025-08-29,,CREW-04,J120,Maintenance,MOW,4.42
E001184,2025-08-29,,CREW-04,J261,Install,GRADE,5.28
E001185,2025-08-29,,CREW-04,,Install,DRIVE,1.09
E001186,2025-09-01,,CREW-01,J136,Maintenance,TRIM,6.87
E001187,2025-09-01,,CREW-01,J256,Enhancement,SEASONAL-COLOR,7.88
E001188,2025-09-01,,CREW-02,J224,Maintenance,TRIM,5.06
E001189,2025-09-01,,CREW-02,J128,Install,INSTALL,8.82
E001190,2025-09-01,,CREW-02,J394,Enhancement,MULCH,7.85
E001191,2025-09-01,,CREW-03,J167,Maintenance,BLOW,8.46
E001192,2025-09-01,,CREW-03,J182,Install,INSTALL,7.4
E001193,2025-09-01,,CREW-03,,Enhancement,TRAINING,1.18
E001194,2025-09-01,,CREW-04,J113,Install,GRADE,6.18
E001195,2025-09-01,,CREW-04,,Maintenance,SHOP,2.11
E001196,2025-09-02,,CREW-01,J204,Maintenance,TRIM,5.7
E001197,2025-09-02,,CREW-01,J119,Install,GRADE,7.41
E001198,2025-09-02,,CREW-01,J272,Enhancement,SEASONAL-COLOR,6.01
E001199,2025-09-02,,CREW-01,,Maintenance,TRAINING,2.29
E001200,2025-09-02,,CREW-02,J312,Maintenance,BLOW,4.94
E001201,2025-09-02,,CREW-02,J197,Enhancement,SEASONAL-COLOR,8.41
E001202,2025-09-02,,CREW-03,J250,Maintenance,TRIM,6.45
E001203,2025-09-02,,CREW-03,J234,Enhancement,SEASONAL-COLOR,4.41
E001204,2025-09-02,,CREW-03,,Enhancement,DRIVE,2.35
E001205,2025-09-02,,CREW-04,J225,Maintenance,FERT,5.25
E001206,2025-09-02,,CREW-04,J268,Enhancement,PRUNE,6.96
E001207,2025-09-02,,CREW-04,,Maintenance,PTO,1.8
E001208,2025-09-03,,CREW-01,J351,Maintenance,MOW,4.46
E001209,2025-09-03,,CREW-01,J212,Install,INSTALL,5.93
E001210,2025-09-03,,CREW-01,J119,Enhancement,PRUNE,8.84
E001211,2025-09-03,,CREW-01,,Install,SHOP,2.0
E001212,2025-09-03,,CREW-02,J215,Maintenance,MOW,6.8
E001213,2025-09-03,,CREW-02,J391,Install,PLANT,5.67
E001214,2025-09-03,,CREW-02,J116,Enhancement,PRUNE,7.13
E001215,2025-09-03,,CREW-03,J240,Maintenance,TRIM,8.82
E001216,2025-09-03,,CREW-04,J367,Maintenance,BLOW,6.37
E001217,2025-09-03,,CREW-04,J169,Install,GRADE,6.86
E001218,2025-09-03,,CREW-04,J379,Enhancement,PRUNE,8.45
E001219,2025-09-03,,CREW-04,,Maintenance,TRAINING,1.52
E001220,2025-09-04,,CREW-01,J260,Maintenance,MOW,7.89
E001221,2025-09-04,,CREW-01,J341,Install,HARDSCAPE,4.8
E001222,2025-09-04,,CREW-01,,Enhancement,PTO,2.04
E001223,2025-09-04,,CREW-02,J102,Maintenance,MOW,7.28
E001224,2025-09-04,,CREW-02,J329,Install,GRADE,4.55
E001225,2025-09-04,,CREW-02,,Maintenance,SHOP,2.63
E001226,2025-09-04,,CREW-03,J394,Maintenance,TRIM,6.27
E001227,2025-09-04,,CREW-03,J244,Install,PLANT,5.64
E001228,2025-09-04,,CREW-03,,Maintenance,TRAINING,2.62
E001229,2025-09-04,,CREW-04,J217,Maintenance,BLOW,4.99
E001230,2025-09-04,,CREW-04,J386,Enhancement,PRUNE,8.44
E001231,2025-09-04,,CREW-04,,Enhancement,DRIVE,1.14
E001232,2025-09-05,,CREW-01,J143,Maintenance,BLOW,7.26
E001233,2025-09-05,,CREW-01,J213,Install,PLANT,4.33
E001234,2025-09-05,,CREW-01,,Enhancement,DRIVE,1.72
E001235,2025-09-05,,CREW-02,J181,Maintenance,BLOW,6.27
E001236,2025-09-05,,CREW-02,J366,Enhancement,PRUNE,5.01
E001237,2025-09-05,,CREW-02,,Install,SHOP,2.12
E001238,2025-09-05,,CREW-03,J199,Maintenance,TRIM,6.33
E001239,2025-09-05,,CREW-03,J187,Install,PLANT,4.94
E001240,2025-09-05,,CREW-03,J394,Enhancement,MULCH,4.77
E001241,2025-09-05,,CREW-03,,Maintenance,SHOP,2.82
E001242,2025-09-05,,CREW-04,J106,Maintenance,BLOW,8.4
E001243,2025-09-05,,CREW-04,J333,Install,GRADE,8.85
E001244,2025-09-05,,CREW-04,J108,Enhancement,PRUNE,6.73
E001245,2025-09-05,,CREW-04,,Maintenance,PTO,0.88
E001246,2025-09-08,,CREW-01,J327,Maintenance,TRIM,6.47
E001247,2025-09-08,,CREW-01,J359,Install,INSTALL,5.71
E001248,2025-09-08,,CREW-01,J282,Enhancement,MULCH,4.04
E001249,2025-09-08,,CREW-01,,Install,SHOP,2.35
E001250,2025-09-08,,CREW-02,J126,Maintenance,MOW,7.3
E001251,2025-09-08,,CREW-02,J255,Install,GRADE,6.4
E001252,2025-09-08,,CREW-03,J223,Install,PLANT,5.72
E001253,2025-09-08,,CREW-03,,Install,DRIVE,2.96
E001254,2025-09-08,,CREW-04,J304,Maintenance,FERT,6.48
E001255,2025-09-08,,CREW-04,J369,Install,PLANT,8.76
E001256,2025-09-08,,CREW-04,J178,Enhancement,SEASONAL-COLOR,5.25
E001257,2025-09-08,,CREW-04,,Enhancement,PTO,0.71
E001258,2025-09-09,,CREW-01,J213,Maintenance,MOW,4.75
E001259,2025-09-09,,CREW-01,J383,Install,HARDSCAPE,8.76
E001260,2025-09-09,,CREW-01,,Maintenance,DRIVE,1.48
E001261,2025-09-09,,CREW-03,J381,Maintenance,BLOW,7.63
E001262,2025-09-09,,CREW-03,,Enhancement,DRIVE,2.91
E001263,2025-09-09,,CREW-04,J296,Maintenance,FERT,8.23
E001264,2025-09-09,,CREW-04,J216,Install,INSTALL,8.38
E001265,2025-09-09,,CREW-04,J372,Enhancement,SEASONAL-COLOR,4.28
E001266,2025-09-09,,CREW-04,,Enhancement,TRAINING,2.58
E001267,2025-09-10,,CREW-01,J331,Maintenance,MOW,6.59
E001268,2025-09-10,,CREW-01,J280,Enhancement,PRUNE,4.67
E001269,2025-09-10,,CREW-02,J156,Maintenance,FERT,6.71
E001270,2025-09-10,,CREW-02,J187,Install,GRADE,7.61
E001271,2025-09-10,,CREW-02,J267,Enhancement,MULCH,8.2
E001272,2025-09-10,,CREW-02,,Enhancement,TRAINING,2.92
E001273,2025-09-10,,CREW-03,J371,Maintenance,FERT,6.29
E001274,2025-09-10,,CREW-03,J241,Install,PLANT,8.14
E001275,2025-09-10,,CREW-03,,Maintenance,DRIVE,1.69
E001276,2025-09-10,,CREW-04,J362,Install,INSTALL,4.14
E001277,2025-09-10,,CREW-04,J336,Enhancement,SEASONAL-COLOR,7.62
E001278,2025-09-10,,CREW-04,,Maintenance,SHOP,1.12
E001279,2025-09-11,,CREW-01,J212,Maintenance,FERT,6.14
E001280,2025-09-11,,CREW-01,J212,Install,GRADE,7.81
E001281,2025-09-11,,CREW-01,,Install,PTO,2.18
E001282,2025-09-11,,CREW-02,J323,Maintenance,MOW,7.7
E001283,2025-09-11,,CREW-02,J108,Install,INSTALL,8.41
E001284,2025-09-11,,CREW-02,J196,Enhancement,MULCH,6.69
E001285,2025-09-11,,CREW-03,J278,Maintenance,TRIM,7.14
E001286,2025-09-11,,CREW-03,J205,Install,GRADE,5.15
E001287,2025-09-11,,CREW-03,,Install,PTO,2.63
E001288,2025-09-11,,CREW-04,J289,Maintenance,FERT,5.19
E001289,2025-09-11,,CREW-04,,Enhancement,SHOP,1.48
E001290,2025-09-12,,CREW-01,J131,Maintenance,MOW,4.05
E001291,2025-09-12,,CREW-01,J261,Enhancement,PRUNE,7.33
E001292,2025-09-12,,CREW-01,,Maintenance,PTO,1.72
E001293,2025-09-12,,CREW-02,J385,Maintenance,TRIM,5.4
E001294,2025-09-12,,CREW-02,J329,Enhancement,MULCH,4.6
E001295,2025-09-12,,CREW-02,,Install,SHOP,2.32
E001296,2025-09-12,,CREW-03,J366,Maintenance,MOW,5.18
E001297,2025-09-12,,CREW-03,J217,Install,INSTALL,4.75
E001298,2025-09-12,,CREW-03,,Install,DRIVE,1.51
E001299,2025-09-12,,CREW-04,J290,Maintenance,FERT,4.69
E001300,2025-09-12,,CREW-04,J201,Enhancement,PRUNE,4.66
E001301,2025-09-12,,CREW-04,,Install,DRIVE,1.54
E001302,2025-09-15,,CREW-01,J278,Maintenance,MOW,7.11
E001303,2025-09-15,,CREW-01,J120,Install,PLANT,8.76
E001304,2025-09-15,,CREW-01,,Maintenance,TRAINING,1.41
E001305,2025-09-15,,CREW-02,J206,Maintenance,MOW,4.1
E001306,2025-09-15,,CREW-02,J287,Enhancement,MULCH,8.55
E001307,2025-09-15,,CREW-02,,Install,PTO,2.14
E001308,2025-09-15,,CREW-03,J344,Maintenance,MOW,6.24
E001309,2025-09-15,,CREW-03,J233,Install,HARDSCAPE,8.48
E001310,2025-09-15,,CREW-03,,Enhancement,SHOP,1.65
E001311,2025-09-15,,CREW-04,J293,Maintenance,FERT,5.62
E001312,2025-09-15,,CREW-04,J367,Enhancement,MULCH,8.57
E001313,2025-09-16,,CREW-01,J270,Maintenance,TRIM,5.57
E001314,2025-09-16,,CREW-01,J227,Enhancement,MULCH,8.07
E001315,2025-09-16,,CREW-01,,Enhancement,DRIVE,1.79
E001316,2025-09-16,,CREW-02,J276,Maintenance,TRIM,5.37
E001317,2025-09-16,,CREW-02,,Install,SHOP,2.13
E001318,2025-09-16,,CREW-03,J298,Maintenance,MOW,6.06
E001319,2025-09-16,,CREW-03,J199,Install,GRADE,6.38
E001320,2025-09-16,,CREW-03,J118,Enhancement,SEASONAL-COLOR,6.74
E001321,2025-09-16,,CREW-03,,Enhancement,PTO,2.25
E001322,2025-09-16,,CREW-04,J184,Install,GRADE,6.89
E001323,2025-09-16,,CREW-04,,Install,SHOP,2.28
E001324,2025-09-17,,CREW-01,J101,Maintenance,BLOW,8.01
E001325,2025-09-17,,CREW-01,J291,Enhancement,MULCH,8.23
E001326,2025-09-17,,CREW-01,,Install,DRIVE,1.7
E001327,2025-09-17,,CREW-02,J258,Maintenance,MOW,4.37
E001328,2025-09-17,,CREW-02,,Maintenance,PTO,2.81
E001329,2025-09-17,,CREW-03,J197,Maintenance,TRIM,8.17
E001330,2025-09-17,,CREW-03,J106,Enhancement,MULCH,8.84
E001331,2025-09-17,,CREW-04,J286,Maintenance,BLOW,7.22
E001332,2025-09-17,,CREW-04,J230,Install,HARDSCAPE,8.44
E001333,2025-09-17,,CREW-04,,Install,TRAINING,2.21
E001334,2025-09-18,,CREW-02,J282,Maintenance,FERT,4.35
E001335,2025-09-18,,CREW-02,J212,Enhancement,SEASONAL-COLOR,5.95
E001336,2025-09-18,,CREW-03,J154,Maintenance,TRIM,4.26
E001337,2025-09-18,,CREW-03,J169,Install,PLANT,7.09
E001338,2025-09-18,,CREW-03,,Install,SHOP,1.72
E001339,2025-09-18,,CREW-04,J167,Maintenance,MOW,4.48
E001340,2025-09-18,,CREW-04,J250,Install,INSTALL,5.86
E001341,2025-09-18,,CREW-04,J219,Enhancement,MULCH,4.07
E001342,2025-09-18,,CREW-04,,Maintenance,DRIVE,2.64
E001343,2025-09-19,,CREW-01,J337,Maintenance,FERT,6.55
E001344,2025-09-19,,CREW-01,J307,Install,GRADE,8.0
E001345,2025-09-19,,CREW-01,,Install,DRIVE,2.42
E001346,2025-09-19,,CREW-02,J310,Install,PLANT,7.64
E001347,2025-09-19,,CREW-02,J137,Enhancement,PRUNE,4.66
E001348,2025-09-19,,CREW-03,J366,Maintenance,FERT,8.94
E001349,2025-09-19,,CREW-03,J196,Install,GRADE,4.29
E001350,2025-09-19,,CREW-03,J174,Enhancement,MULCH,7.67
E001351,2025-09-19,,CREW-03,,Maintenance,TRAINING,1.58
E001352,2025-09-19,,CREW-04,J251,Maintenance,TRIM,5.36
E001353,2025-09-19,,CREW-04,J282,Enhancement,PRUNE,5.12
E001354,2025-09-19,,CREW-04,,Enhancement,DRIVE,2.59
E001355,2025-09-22,,CREW-01,J399,Maintenance,BLOW,7.67
E001356,2025-09-22,,CREW-01,J133,Install,HARDSCAPE,8.71
E001357,2025-09-22,,CREW-01,,Install,DRIVE,2.78
E001358,2025-09-22,,CREW-02,J258,Maintenance,FERT,4.98
E001359,2025-09-22,,CREW-02,J113,Install,INSTALL,5.46
E001360,2025-09-22,,CREW-02,J275,Enhancement,SEASONAL-COLOR,5.88
E001361,2025-09-22,,CREW-02,,Maintenance,SHOP,2.75
E001362,2025-09-22,,CREW-03,J370,Maintenance,MOW,4.25
E001363,2025-09-22,,CREW-03,J209,Install,INSTALL,4.74
E001364,2025-09-22,,CREW-03,,Maintenance,PTO,1.26
E001365,2025-09-22,,CREW-04,J109,Maintenance,MOW,7.56
E001366,2025-09-22,,CREW-04,J379,Install,GRADE,6.54
E001367,2025-09-22,,CREW-04,,Install,DRIVE,1.45
E001368,2025-09-23,,CREW-01,J240,Maintenance,FERT,7.05
E001369,2025-09-23,,CREW-01,J278,Install,HARDSCAPE,8.45
E001370,2025-09-23,,CREW-01,,Maintenance,SHOP,1.78
E001371,2025-09-23,,CREW-02,J144,Maintenance,FERT,8.71
E001372,2025-09-23,,CREW-02,J211,Install,HARDSCAPE,7.53
E001373,2025-09-23,,CREW-02,J124,Enhancement,SEASONAL-COLOR,5.44
E001374,2025-09-23,,CREW-02,,Enhancement,DRIVE,0.79
E001375,2025-09-23,,CREW-03,J225,Maintenance,TRIM,7.27
E001376,2025-09-23,,CREW-03,,Install,SHOP,1.38
E001377,2025-09-23,,CREW-04,J272,Maintenance,TRIM,4.85
E001378,2025-09-23,,CREW-04,,Enhancement,TRAINING,2.2
E001379,2025-09-24,,CREW-01,J192,Maintenance,TRIM,6.36
E001380,2025-09-24,,CREW-01,,Maintenance,PTO,2.57
E001381,2025-09-24,,CREW-02,J282,Maintenance,BLOW,6.05
E001382,2025-09-24,,CREW-02,J222,Install,INSTALL,4.25
E001383,2025-09-24,,CREW-02,J376,Enhancement,PRUNE,6.37
E001384,2025-09-24,,CREW-02,,Maintenance,DRIVE,1.03
E001385,2025-09-24,,CREW-03,J171,Maintenance,BLOW,8.21
E001386,2025-09-24,,CREW-03,J324,Install,GRADE,7.84
E001387,2025-09-24,,CREW-03,J175,Enhancement,PRUNE,6.13
E001388,2025-09-24,,CREW-04,J167,Maintenance,MOW,6.97
E001389,2025-09-24,,CREW-04,J356,Install,PLANT,8.76
E001390,2025-09-24,,CREW-04,,Maintenance,PTO,0.74
E001391,2025-09-25,,CREW-01,J152,Maintenance,TRIM,5.12
E001392,2025-09-25,,CREW-01,J117,Enhancement,MULCH,4.09
E001393,2025-09-25,,CREW-01,,Enhancement,DRIVE,2.91
E001394,2025-09-25,,CREW-02,J130,Maintenance,MOW,5.32
E001395,2025-09-25,,CREW-02,J134,Install,INSTALL,7.0
E001396,2025-09-25,,CREW-02,J109,Enhancement,MULCH,7.73
E001397,2025-09-25,,CREW-03,J256,Maintenance,MOW,6.06
E001398,2025-09-25,,CREW-03,J268,Install,INSTALL,6.22
E001399,2025-09-25,,CREW-03,J195,Enhancement,PRUNE,5.77
E001400,2025-09-25,,CREW-03,,Install,DRIVE,1.8
E001401,2025-09-25,,CREW-04,J213,Maintenance,FERT,4.85
E001402,2025-09-25,,CREW-04,J377,Install,GRADE,5.36
E001403,2025-09-25,,CREW-04,,Maintenance,PTO,1.41
E001404,2025-09-26,,CREW-01,J114,Maintenance,FERT,4.61
E001405,2025-09-26,,CREW-01,J368,Install,INSTALL,7.56
E001406,2025-09-26,,CREW-01,J316,Enhancement,MULCH,4.5
E001407,2025-09-26,,CREW-01,,Maintenance,SHOP,0.8
E001408,2025-09-26,,CREW-02,J344,Maintenance,MOW,5.7
E001409,2025-09-26,,CREW-02,J188,Enhancement,PRUNE,5.23
E001410,2025-09-26,,CREW-02,,Enhancement,TRAINING,0.61
E001411,2025-09-26,,CREW-03,J264,Maintenance,FERT,4.66
E001412,2025-09-26,,CREW-03,J312,Install,HARDSCAPE,5.5
E001413,2025-09-26,,CREW-03,J263,Enhancement,PRUNE,8.27
E001414,2025-09-26,,CREW-04,J344,Maintenance,MOW,8.34
E001415,2025-09-26,,CREW-04,,Install,SHOP,1.95
E001416,2025-09-29,,CREW-01,J109,Maintenance,MOW,6.07
E001417,2025-09-29,,CREW-01,J256,Enhancement,PRUNE,4.83
E001418,2025-09-29,,CREW-01,,Enhancement,DRIVE,2.78
E001419,2025-09-29,,CREW-02,J101,Maintenance,MOW,8.01
E001420,2025-09-29,,CREW-02,J266,Install,INSTALL,6.51
E001421,2025-09-29,,CREW-03,J124,Maintenance,FERT,7.99
E001422,2025-09-29,,CREW-03,,Enhancement,DRIVE,1.67
E001423,2025-09-29,,CREW-04,J356,Maintenance,BLOW,6.67
E001424,2025-09-29,,CREW-04,J250,Install,PLANT,4.68
E001425,2025-09-29,,CREW-04,J277,Enhancement,PRUNE,6.08
E001426,2025-09-29,,CREW-04,,Install,PTO,2.9
E001427,2025-09-30,,CREW-01,J197,Maintenance,BLOW,5.31
E001428,2025-09-30,,CREW-01,J180,Install,GRADE,7.67
E001429,2025-09-30,,CREW-01,,Enhancement,DRIVE,0.69
E001430,2025-09-30,,CREW-02,J277,Maintenance,TRIM,7.59
E001431,2025-09-30,,CREW-02,J308,Install,GRADE,8.36
E001432,2025-09-30,,CREW-02,J272,Enhancement,SEASONAL-COLOR,6.01
E001433,2025-09-30,,CREW-02,,Maintenance,TRAINING,2.34
E001434,2025-09-30,,CREW-03,J374,Maintenance,MOW,8.51
E001435,2025-09-30,,CREW-03,J208,Install,PLANT,7.38
E001436,2025-09-30,,CREW-03,,Maintenance,PTO,1.91
E001437,2025-09-30,,CREW-04,J265,Maintenance,BLOW,6.88
E001438,2025-09-30,,CREW-04,J309,Install,HARDSCAPE,7.66
E001439,2025-09-30,,CREW-04,J339,Enhancement,PRUNE,4.62
E001440,2025-10-01,,CREW-01,J267,Maintenance,BLOW,8.57
E001441,2025-10-01,,CREW-01,J163,Install,GRADE,6.7
E001442,2025-10-01,,CREW-01,J128,Enhancement,MULCH,5.36
E001443,2025-10-01,,CREW-01,,Install,SHOP,1.73
E001444,2025-10-01,,CREW-03,J157,Maintenance,TRIM,4.86
E001445,2025-10-01,,CREW-03,J221,Install,GRADE,5.0
E001446,2025-10-01,,CREW-03,J279,Enhancement,PRUNE,6.07
E001447,2025-10-02,,CREW-01,J286,Maintenance,FERT,7.81
E001448,2025-10-02,,CREW-01,J363,Install,HARDSCAPE,8.84
E001449,2025-10-02,,CREW-01,J148,Enhancement,MULCH,7.13
E001450,2025-10-02,,CREW-01,,Maintenance,PTO,1.88
E001451,2025-10-02,,CREW-02,J375,Maintenance,BLOW,4.71
E001452,2025-10-02,,CREW-02,J371,Install,PLANT,4.61
E001453,2025-10-02,,CREW-02,,Enhancement,SHOP,1.08
E001454,2025-10-02,,CREW-04,J398,Maintenance,TRIM,5.85
E001455,2025-10-02,,CREW-04,J299,Install,HARDSCAPE,4.86
E001456,2025-10-02,,CREW-04,,Install,SHOP,1.82
E001457,2025-10-03,,CREW-01,J144,Maintenance,TRIM,5.49
E001458,2025-10-03,,CREW-01,J161,Install,PLANT,6.05
E001459,2025-10-03,,CREW-02,J265,Install,GRADE,5.58
E001460,2025-10-03,,CREW-02,,Enhancement,TRAINING,1.5
E001461,2025-10-03,,CREW-03,J376,Maintenance,FERT,6.41
E001462,2025-10-03,,CREW-03,J125,Enhancement,PRUNE,4.89
E001463,2025-10-03,,CREW-03,,Enhancement,TRAINING,1.0
E001464,2025-10-03,,CREW-04,J204,Maintenance,BLOW,7.79
E001465,2025-10-03,,CREW-04,J262,Enhancement,SEASONAL-COLOR,5.95
E001466,2025-10-06,,CREW-01,J236,Maintenance,TRIM,5.87
E001467,2025-10-06,,CREW-01,J276,Enhancement,MULCH,4.14
E001468,2025-10-06,,CREW-01,,Enhancement,PTO,2.75
E001469,2025-10-06,,CREW-03,J207,Maintenance,BLOW,6.6
E001470,2025-10-06,,CREW-03,J216,Install,HARDSCAPE,7.22
E001471,2025-10-06,,CREW-03,,Enhancement,TRAINING,0.52
E001472,2025-10-06,,CREW-04,J343,Maintenance,TRIM,4.1
E001473,2025-10-06,,CREW-04,J279,Install,HARDSCAPE,6.13
E001474,2025-10-06,,CREW-04,J159,Enhancement,SEASONAL-COLOR,8.13
E001475,2025-10-06,,CREW-04,,Install,TRAINING,0.6
E001476,2025-10-07,,CREW-02,J116,Maintenance,BLOW,5.29
E001477,2025-10-07,,CREW-02,J345,Install,HARDSCAPE,8.79
E001478,2025-10-07,,CREW-02,J239,Enhancement,PRUNE,6.6
E001479,2025-10-07,,CREW-02,,Install,DRIVE,0.91
E001480,2025-10-07,,CREW-04,J241,Maintenance,BLOW,5.23
E001481,2025-10-07,,CREW-04,J260,Install,INSTALL,5.93
E001482,2025-10-07,,CREW-04,J260,Enhancement,SEASONAL-COLOR,7.53
E001483,2025-10-08,,CREW-04,J223,Maintenance,BLOW,6.5
E001484,2025-10-08,,CREW-04,,Install,PTO,1.54
E001485,2025-10-09,,CREW-01,J251,Maintenance,TRIM,7.04
E001486,2025-10-09,,CREW-01,J128,Install,GRADE,4.91
E001487,2025-10-09,,CREW-01,,Enhancement,PTO,1.73
E001488,2025-10-09,,CREW-03,J336,Maintenance,BLOW,8.42
E001489,2025-10-09,,CREW-03,,Maintenance,DRIVE,2.92
E001490,2025-10-09,,CREW-04,J388,Maintenance,FERT,7.87
E001491,2025-10-09,,CREW-04,J399,Install,GRADE,6.85
E001492,2025-10-09,,CREW-04,J175,Enhancement,SEASONAL-COLOR,8.87
E001493,2025-10-09,,CREW-04,,Enhancement,PTO,1.96
E001494,2025-10-10,,CREW-02,J247,Maintenance,TRIM,4.66
E001495,2025-10-10,,CREW-02,J194,Install,HARDSCAPE,4.39
E001496,2025-10-10,,CREW-02,J368,Enhancement,MULCH,6.99
E001497,2025-10-10,,CREW-03,J323,Enhancement,MULCH,8.03
E001498,2025-10-10,,CREW-03,,Enhancement,DRIVE,2.42
E001499,2025-10-13,,CREW-01,J321,Maintenance,FERT,6.1
E001500,2025-10-13,,CREW-01,J397,Install,PLANT,7.16
E001501,2025-10-13,,CREW-01,,Maintenance,SHOP,0.72
E001502,2025-10-13,,CREW-03,J264,Maintenance,TRIM,6.45
E001503,2025-10-13,,CREW-03,J123,Install,GRADE,4.97
E001504,2025-10-13,,CREW-03,J315,Enhancement,MULCH,4.64
E001505,2025-10-13,,CREW-03,,Enhancement,TRAINING,0.78
E001506,2025-10-13,,CREW-04,J274,Maintenance,TRIM,4.83
E001507,2025-10-13,,CREW-04,J262,Install,HARDSCAPE,4.82
E001508,2025-10-13,,CREW-04,,Maintenance,TRAINING,2.34
E001509,2025-10-15,,CREW-02,J301,Maintenance,TRIM,8.3
E001510,2025-10-15,,CREW-02,J190,Enhancement,SEASONAL-COLOR,6.99
E001511,2025-10-15,,CREW-02,,Install,DRIVE,2.31
E001512,2025-10-15,,CREW-04,J157,Maintenance,MOW,8.38
E001513,2025-10-15,,CREW-04,J140,Install,PLANT,6.52
E001514,2025-10-15,,CREW-04,,Maintenance,PTO,2.67
E001515,2025-10-16,,CREW-02,J307,Install,HARDSCAPE,7.49
E001516,2025-10-16,,CREW-02,J145,Enhancement,SEASONAL-COLOR,7.6
E001517,2025-10-16,,CREW-02,,Install,TRAINING,1.07
E001518,2025-10-16,,CREW-03,J350,Maintenance,BLOW,8.21
E001519,2025-10-16,,CREW-03,,Install,TRAINING,1.74
E001520,2025-10-16,,CREW-04,,Install,SHOP,2.87
E001521,2025-10-17,,CREW-01,J213,Maintenance,BLOW,6.76
E001522,2025-10-17,,CREW-01,J397,Install,INSTALL,5.73
E001523,2025-10-17,,CREW-01,,Enhancement,SHOP,0.97
E001524,2025-10-17,,CREW-03,J157,Maintenance,FERT,5.11
E001525,2025-10-17,,CREW-03,J217,Install,INSTALL,7.5
E001526,2025-10-17,,CREW-03,,Install,SHOP,1.09
E001527,2025-10-17,,CREW-04,J172,Maintenance,FERT,6.03
E001528,2025-10-17,,CREW-04,J246,Install,PLANT,4.97
E001529,2025-10-17,,CREW-04,,Enhancement,TRAINING,2.32
E001530,2025-10-20,,CREW-01,J377,Install,GRADE,6.71
E001531,2025-10-20,,CREW-01,,Install,TRAINING,1.37
E001532,2025-10-20,,CREW-02,J316,Maintenance,TRIM,8.44
E001533,2025-10-20,,CREW-02,J125,Install,PLANT,6.08
E001534,2025-10-20,,CREW-02,J284,Enhancement,PRUNE,8.5
E001535,2025-10-20,,CREW-02,,Enhancement,SHOP,2.83
E001536,2025-10-20,,CREW-03,J317,Maintenance,FERT,4.41
E001537,2025-10-20,,CREW-03,J174,Install,HARDSCAPE,4.08
E001538,2025-10-20,,CREW-03,,Maintenance,SHOP,2.0
E001539,2025-10-20,,CREW-04,J208,Maintenance,FERT,8.45
E001540,2025-10-20,,CREW-04,,Install,PTO,0.95
E001541,2025-10-21,,CREW-01,J173,Maintenance,TRIM,4.11
E001542,2025-10-21,,CREW-01,J173,Install,HARDSCAPE,8.0
E001543,2025-10-21,,CREW-01,J337,Enhancement,MULCH,6.53
E001544,2025-10-21,,CREW-01,,Maintenance,TRAINING,1.4
E001545,2025-10-21,,CREW-04,J209,Maintenance,TRIM,6.41
E001546,2025-10-21,,CREW-04,J111,Enhancement,MULCH,4.34
E001547,2025-10-21,,CREW-04,,Maintenance,SHOP,1.33
E001548,2025-10-22,,CREW-01,J314,Maintenance,TRIM,6.25
E001549,2025-10-22,,CREW-01,J263,Install,INSTALL,4.41
E001550,2025-10-22,,CREW-01,,Enhancement,DRIVE,1.63
E001551,2025-10-22,,CREW-02,J173,Maintenance,TRIM,8.81
E001552,2025-10-22,,CREW-02,,Install,PTO,1.36
E001553,2025-10-22,,CREW-03,J245,Maintenance,MOW,8.98
E001554,2025-10-22,,CREW-03,J274,Enhancement,SEASONAL-COLOR,6.79
E001555,2025-10-22,,CREW-04,J149,Maintenance,TRIM,5.25
E001556,2025-10-22,,CREW-04,,Install,SHOP,2.63
E001557,2025-10-23,,CREW-01,J243,Maintenance,FERT,7.16
E001558,2025-10-23,,CREW-01,J280,Enhancement,SEASONAL-COLOR,7.08
E001559,2025-10-23,,CREW-01,,Maintenance,DRIVE,1.16
E001560,2025-10-23,,CREW-02,J156,Maintenance,FERT,5.54
E001561,2025-10-23,,CREW-02,,Maintenance,PTO,1.92
E001562,2025-10-23,,CREW-04,J343,Maintenance,FERT,4.53
E001563,2025-10-23,,CREW-04,J191,Install,HARDSCAPE,5.14
E001564,2025-10-24,,CREW-01,J334,Maintenance,MOW,6.16
E001565,2025-10-24,,CREW-01,J395,Install,HARDSCAPE,8.51
E001566,2025-10-24,,CREW-01,,Maintenance,PTO,0.52
E001567,2025-10-24,,CREW-02,,Install,TRAINING,1.73
E001568,2025-10-24,,CREW-03,J356,Install,INSTALL,4.19
E001569,2025-10-24,,CREW-03,J237,Enhancement,MULCH,6.66
E001570,2025-10-27,,CREW-02,J218,Maintenance,BLOW,5.61
E001571,2025-10-27,,CREW-02,J160,Install,GRADE,6.46
E001572,2025-10-27,,CREW-03,J350,Maintenance,BLOW,5.44
E001573,2025-10-27,,CREW-03,J292,Enhancement,MULCH,7.04
E001574,2025-10-27,,CREW-03,,Install,TRAINING,1.01
E001575,2025-10-27,,CREW-04,J358,Install,HARDSCAPE,8.73
E001576,2025-10-27,,CREW-04,,Install,DRIVE,2.28
E001577,2025-10-28,,CREW-01,J183,Install,HARDSCAPE,7.21
E001578,2025-10-28,,CREW-01,J105,Enhancement,MULCH,8.37
E001579,2025-10-28,,CREW-04,J171,Maintenance,MOW,7.64
E001580,2025-10-28,,CREW-04,J144,Enhancement,SEASONAL-COLOR,7.44
E001581,2025-10-28,,CREW-04,,Maintenance,TRAINING,2.72
E001582,2025-10-29,,CREW-02,J209,Maintenance,TRIM,7.79
E001583,2025-10-29,,CREW-02,,Enhancement,DRIVE,1.53
E001584,2025-10-29,,CREW-04,J328,Install,HARDSCAPE,4.48
E001585,2025-10-29,,CREW-04,,Install,DRIVE,0.51
E001586,2025-10-30,,CREW-02,J291,Maintenance,TRIM,6.1
E001587,2025-10-30,,CREW-02,J303,Enhancement,PRUNE,8.96
E001588,2025-10-30,,CREW-02,,Maintenance,PTO,2.29
E001589,2025-10-30,,CREW-03,J107,Maintenance,TRIM,8.3
E001590,2025-10-30,,CREW-03,J101,Install,GRADE,7.08
E001591,2025-10-30,,CREW-03,,Install,TRAINING,1.71
E001592,2025-10-31,,CREW-02,J206,Enhancement,SEASONAL-COLOR,6.81
E001593,2025-10-31,,CREW-03,J222,Maintenance,MOW,6.25
E001594,2025-10-31,,CREW-03,J303,Install,GRADE,7.79
E001595,2025-10-31,,CREW-03,,Enhancement,DRIVE,0.83
E001596,2025-10-31,,CREW-04,J250,Maintenance,MOW,8.37
E001597,2025-10-31,,CREW-04,J224,Install,HARDSCAPE,5.09
E001598,2025-11-03,,CREW-03,J396,Maintenance,FERT,6.72
E001599,2025-11-03,,CREW-03,,Install,PTO,2.63
E001600,2025-11-04,,CREW-01,J149,Maintenance,MOW,8.56
E001601,2025-11-04,,CREW-01,J188,Install,PLANT,6.16
E001602,2025-11-04,,CREW-01,J108,Enhancement,SEASONAL-COLOR,8.86
E001603,2025-11-04,,CREW-01,,Enhancement,PTO,2.27
E001604,2025-11-04,,CREW-03,J126,Maintenance,FERT,5.52
E001605,2025-11-04,,CREW-03,J308,Install,HARDSCAPE,5.15
E001606,2025-11-04,,CREW-03,J113,Enhancement,PRUNE,6.69
E001607,2025-11-04,,CREW-03,,Enhancement,DRIVE,1.57
E001608,2025-11-04,,CREW-04,J381,Maintenance,BLOW,7.1
E001609,2025-11-04,,CREW-04,J153,Install,PLANT,5.31
E001610,2025-11-04,,CREW-04,J279,Enhancement,PRUNE,8.54
E001611,2025-11-04,,CREW-04,,Maintenance,TRAINING,1.08
E001612,2025-11-05,,CREW-01,J165,Maintenance,MOW,8.11
E001613,2025-11-05,,CREW-01,J329,Install,PLANT,8.35
E001614,2025-11-05,,CREW-03,J173,Maintenance,TRIM,4.89
E001615,2025-11-05,,CREW-03,J259,Install,INSTALL,4.3
E001616,2025-11-05,,CREW-04,J139,Maintenance,FERT,7.17
E001617,2025-11-05,,CREW-04,J294,Install,PLANT,7.64
E001618,2025-11-05,,CREW-04,,Install,PTO,2.39
E001619,2025-11-06,,CREW-02,J148,Maintenance,BLOW,8.66
E001620,2025-11-06,,CREW-04,J327,Install,HARDSCAPE,7.43
E001621,2025-11-06,,CREW-04,J359,Enhancement,PRUNE,5.82
E001622,2025-11-06,,CREW-04,,Maintenance,DRIVE,0.98
E001623,2025-11-07,,CREW-03,J109,Maintenance,FERT,7.52
E001624,2025-11-07,,CREW-03,J109,Install,PLANT,4.07
E001625,2025-11-07,,CREW-03,,Install,DRIVE,1.42
E001626,2025-11-07,,CREW-04,J161,Maintenance,FERT,4.69
E001627,2025-11-07,,CREW-04,J373,Install,INSTALL,8.0
E001628,2025-11-07,,CREW-04,J199,Enhancement,SEASONAL-COLOR,7.44
E001629,2025-11-07,,CREW-04,,Enhancement,DRIVE,1.88
E001630,2025-11-10,,CREW-02,J111,Enhancement,PRUNE,7.91
E001631,2025-11-10,,CREW-03,J139,Maintenance,MOW,5.86
E001632,2025-11-10,,CREW-03,J376,Enhancement,PRUNE,4.49
E001633,2025-11-10,,CREW-04,J326,Install,PLANT,7.96
E001634,2025-11-10,,CREW-04,,Install,TRAINING,2.44
E001635,2025-11-11,,CREW-02,J322,Maintenance,FERT,8.88
E001636,2025-11-11,,CREW-02,J272,Install,PLANT,7.12
E001637,2025-11-11,,CREW-02,,Install,DRIVE,2.92
E001638,2025-11-11,,CREW-03,J220,Maintenance,FERT,5.18
E001639,2025-11-11,,CREW-03,J292,Install,INSTALL,5.5
E001640,2025-11-11,,CREW-03,,Enhancement,DRIVE,2.97
E001641,2025-11-11,,CREW-04,J303,Maintenance,MOW,5.13
E001642,2025-11-11,,CREW-04,J292,Install,GRADE,6.56
E001643,2025-11-11,,CREW-04,,Maintenance,PTO,1.84
E001644,2025-11-12,,CREW-02,J336,Maintenance,FERT,6.15
E001645,2025-11-12,,CREW-02,J327,Install,PLANT,8.53
E001646,2025-11-12,,CREW-02,J244,Enhancement,SEASONAL-COLOR,8.83
E001647,2025-11-12,,CREW-02,,Install,SHOP,1.9
E001648,2025-11-12,,CREW-03,J184,Maintenance,TRIM,5.6
E001649,2025-11-12,,CREW-03,J386,Install,INSTALL,6.97
E001650,2025-11-12,,CREW-03,,Enhancement,PTO,2.16
E001651,2025-11-12,,CREW-04,J105,Maintenance,MOW,7.41
E001652,2025-11-12,,CREW-04,,Enhancement,SHOP,0.87
E001653,2025-11-13,,CREW-02,J348,Maintenance,BLOW,4.27
E001654,2025-11-13,,CREW-02,J130,Install,GRADE,5.46
E001655,2025-11-13,,CREW-02,J141,Enhancement,PRUNE,8.37
E001656,2025-11-13,,CREW-03,J357,Maintenance,TRIM,5.65
E001657,2025-11-13,,CREW-03,J339,Enhancement,MULCH,5.19
E001658,2025-11-13,,CREW-03,,Enhancement,SHOP,0.56
E001659,2025-11-13,,CREW-04,J103,Maintenance,FERT,8.99
E001660,2025-11-13,,CREW-04,J366,Install,PLANT,4.33
E001661,2025-11-13,,CREW-04,J395,Enhancement,PRUNE,6.36
E001662,2025-11-13,,CREW-04,,Maintenance,SHOP,1.52
E001663,2025-11-14,,CREW-01,,Install,PTO,1.48
E001664,2025-11-14,,CREW-02,J191,Maintenance,FERT,7.94
E001665,2025-11-14,,CREW-02,J277,Install,GRADE,4.78
E001666,2025-11-14,,CREW-02,,Maintenance,TRAINING,1.46
E001667,2025-11-14,,CREW-04,J360,Maintenance,MOW,5.73
E001668,2025-11-14,,CREW-04,J396,Enhancement,PRUNE,5.48
E001669,2025-11-14,,CREW-04,,Enhancement,PTO,0.52
E001670,2025-11-17,,CREW-03,J322,Maintenance,FERT,7.8
E001671,2025-11-17,,CREW-03,J340,Install,HARDSCAPE,8.48
E001672,2025-11-17,,CREW-03,J309,Enhancement,SEASONAL-COLOR,5.1
E001673,2025-11-17,,CREW-03,,Install,PTO,1.47
E001674,2025-11-17,,CREW-04,J210,Maintenance,TRIM,6.09
E001675,2025-11-17,,CREW-04,J141,Enhancement,PRUNE,5.01
E001676,2025-11-17,,CREW-04,,Enhancement,TRAINING,0.9
E001677,2025-11-18,,CREW-01,J261,Maintenance,MOW,8.84
E001678,2025-11-18,,CREW-01,J370,Install,HARDSCAPE,4.7
E001679,2025-11-18,,CREW-01,,Enhancement,TRAINING,2.38
E001680,2025-11-18,,CREW-02,J116,Maintenance,TRIM,4.25
E001681,2025-11-18,,CREW-02,J285,Enhancement,SEASONAL-COLOR,6.64
E001682,2025-11-18,,CREW-02,,Maintenance,PTO,2.51
E001683,2025-11-19,,CREW-01,J320,Install,GRADE,7.36
E001684,2025-11-19,,CREW-01,,Install,TRAINING,1.44
E001685,2025-11-19,,CREW-03,J399,Maintenance,FERT,8.26
E001686,2025-11-19,,CREW-03,J331,Install,HARDSCAPE,7.74
E001687,2025-11-19,,CREW-03,,Maintenance,TRAINING,0.78
E001688,2025-11-19,,CREW-04,J384,Maintenance,MOW,6.39
E001689,2025-11-19,,CREW-04,J356,Enhancement,PRUNE,4.07
E001690,2025-11-19,,CREW-04,,Enhancement,SHOP,2.35
E001691,2025-11-20,,CREW-01,J250,Maintenance,BLOW,8.69
E001692,2025-11-20,,CREW-01,,Install,PTO,1.41
E001693,2025-11-20,,CREW-04,J363,Maintenance,FERT,6.67
E001694,2025-11-20,,CREW-04,J137,Install,PLANT,6.39
E001695,2025-11-20,,CREW-04,J321,Enhancement,SEASONAL-COLOR,5.18
E001696,2025-11-20,,CREW-04,,Enhancement,PTO,2.78
E001697,2025-11-21,,CREW-02,J277,Install,PLANT,8.62
E001698,2025-11-21,,CREW-02,J131,Enhancement,MULCH,6.39
E001699,2025-11-21,,CREW-02,,Maintenance,PTO,1.64
E001700,2025-11-21,,CREW-03,J122,Install,HARDSCAPE,5.38
E001701,2025-11-21,,CREW-03,,Maintenance,DRIVE,1.27
E001702,2025-11-24,,CREW-01,J101,Maintenance,FERT,8.89
E001703,2025-11-24,,CREW-01,,Maintenance,DRIVE,1.86
E001704,2025-11-24,,CREW-02,J276,Maintenance,FERT,4.48
E001705,2025-11-24,,CREW-02,J212,Install,INSTALL,5.66
E001706,2025-11-24,,CREW-02,J319,Enhancement,PRUNE,6.36
E001707,2025-11-24,,CREW-02,,Enhancement,DRIVE,1.58
E001708,2025-11-24,,CREW-03,J145,Maintenance,TRIM,4.11
E001709,2025-11-24,,CREW-03,J171,Install,INSTALL,8.35
E001710,2025-11-24,,CREW-03,J303,Enhancement,SEASONAL-COLOR,8.83
E001711,2025-11-24,,CREW-03,,Install,TRAINING,1.43
E001712,2025-11-24,,CREW-04,J322,Maintenance,TRIM,8.61
E001713,2025-11-24,,CREW-04,J360,Install,HARDSCAPE,7.11
E001714,2025-11-24,,CREW-04,J249,Enhancement,MULCH,8.61
E001715,2025-11-24,,CREW-04,,Install,TRAINING,2.8
E001716,2025-11-25,,CREW-01,J165,Maintenance,FERT,5.46
E001717,2025-11-25,,CREW-01,J246,Enhancement,MULCH,6.69
E001718,2025-11-25,,CREW-01,,Maintenance,PTO,0.96
E001719,2025-11-25,,CREW-02,J395,Maintenance,BLOW,5.35
E001720,2025-11-25,,CREW-02,J329,Install,HARDSCAPE,4.77
E001721,2025-11-25,,CREW-02,J329,Enhancement,PRUNE,5.52
E001722,2025-11-25,,CREW-02,,Maintenance,DRIVE,1.73
E001723,2025-11-25,,CREW-04,J130,Maintenance,BLOW,5.39
E001724,2025-11-25,,CREW-04,J321,Install,PLANT,4.26
E001725,2025-11-25,,CREW-04,J245,Enhancement,SEASONAL-COLOR,7.75
E001726,2025-11-25,,CREW-04,,Install,PTO,0.99
E001727,2025-11-26,,CREW-02,J112,Maintenance,MOW,8.74
E001728,2025-11-26,,CREW-02,J262,Install,PLANT,4.85
E001729,2025-11-26,,CREW-02,J178,Enhancement,MULCH,5.18
E001730,2025-11-26,,CREW-02,,Maintenance,SHOP,1.12
E001731,2025-11-26,,CREW-03,J329,Maintenance,FERT,6.09
E001732,2025-11-26,,CREW-03,J293,Install,GRADE,4.66
E001733,2025-11-26,,CREW-03,J251,Enhancement,PRUNE,5.46
E001734,2025-11-26,,CREW-03,,Enhancement,DRIVE,1.27
E001735,2025-11-27,,CREW-01,J315,Maintenance,BLOW,8.42
E001736,2025-11-27,,CREW-01,J243,Install,HARDSCAPE,5.78
E001737,2025-11-27,,CREW-01,J343,Enhancement,SEASONAL-COLOR,8.59
E001738,2025-11-27,,CREW-01,,Maintenance,TRAINING,2.46
E001739,2025-11-27,,CREW-02,J127,Maintenance,FERT,6.2
E001740,2025-11-27,,CREW-02,J124,Enhancement,MULCH,6.69
E001741,2025-11-27,,CREW-02,,Maintenance,TRAINING,0.57
E001742,2025-11-27,,CREW-03,J109,Install,PLANT,5.47
E001743,2025-11-27,,CREW-03,J250,Enhancement,SEASONAL-COLOR,8.97
E001744,2025-11-28,,CREW-04,J291,Maintenance,FERT,6.01
E001745,2025-11-28,,CREW-04,J242,Install,PLANT,7.35
E001746,2025-11-28,,CREW-04,J215,Enhancement,PRUNE,6.6
E001747,2025-11-28,,CREW-04,,Install,DRIVE,2.97
E001748,2025-12-01,,CREW-01,J250,Maintenance,BLOW,4.92
E001749,2025-12-01,,CREW-01,J324,Install,HARDSCAPE,4.78
E001750,2025-12-01,,CREW-01,,Enhancement,SHOP,2.05
E001751,2025-12-01,,CREW-04,J392,Maintenance,TRIM,8.15
E001752,2025-12-01,,CREW-04,J329,Enhancement,PRUNE,7.97
E001753,2025-12-01,,CREW-04,,Enhancement,SHOP,2.62
E001754,2025-12-02,,CREW-02,J321,Maintenance,BLOW,5.45
E001755,2025-12-02,,CREW-02,J130,Enhancement,SEASONAL-COLOR,8.63
E001756,2025-12-02,,CREW-02,,Enhancement,TRAINING,0.87
E001757,2025-12-02,,CREW-04,J188,Maintenance,FERT,7.95
E001758,2025-12-02,,CREW-04,J249,Install,GRADE,4.13
E001759,2025-12-02,,CREW-04,,Enhancement,PTO,2.47
E001760,2025-12-03,,CREW-01,J393,Maintenance,TRIM,4.61
E001761,2025-12-03,,CREW-01,J303,Install,GRADE,5.6
E001762,2025-12-03,,CREW-01,J116,Enhancement,SEASONAL-COLOR,5.14
E001763,2025-12-03,,CREW-01,,Install,PTO,1.09
E001764,2025-12-04,,CREW-01,J202,Maintenance,TRIM,4.47
E001765,2025-12-04,,CREW-01,J300,Enhancement,PRUNE,6.11
E001766,2025-12-04,,CREW-01,,Install,SHOP,0.89
E001767,2025-12-04,,CREW-02,J236,Maintenance,FERT,7.36
E001768,2025-12-04,,CREW-02,J371,Install,HARDSCAPE,6.65
E001769,2025-12-05,,CREW-02,J383,Maintenance,BLOW,5.61
E001770,2025-12-08,,CREW-02,J292,Maintenance,BLOW,6.83
E001771,2025-12-08,,CREW-02,,Maintenance,TRAINING,2.0
E001772,2025-12-09,,CREW-01,J109,Enhancement,SEASONAL-COLOR,5.25
E001773,2025-12-09,,CREW-01,,Maintenance,TRAINING,0.59
E001774,2025-12-17,,CREW-01,J132,Maintenance,MOW,5.59
E001775,2025-12-17,,CREW-01,J251,Install,PLANT,7.04
E001776,2025-12-17,,CREW-01,J193,Enhancement,PRUNE,6.48
E001777,2025-12-17,,CREW-01,,Maintenance,PTO,2.86
E001778,2025-12-17,,CREW-03,J250,Maintenance,BLOW,5.43
E001779,2025-12-17,,CREW-03,J321,Install,INSTALL,8.82
E001780,2025-12-17,,CREW-03,,Enhancement,TRAINING,2.43
E001781,2025-12-17,,CREW-04,J310,Maintenance,MOW,6.79
E001782,2025-12-17,,CREW-04,J211,Enhancement,SEASONAL-COLOR,8.32
E001783,2025-12-17,,CREW-04,,Maintenance,PTO,0.62
E001784,2025-12-18,,CREW-01,J127,Maintenance,TRIM,5.05
E001785,2025-12-18,,CREW-01,J382,Install,HARDSCAPE,8.83
E001786,2025-12-18,,CREW-01,,Enhancement,TRAINING,1.28
E001787,2025-12-18,,CREW-02,J176,Maintenance,MOW,4.94
E001788,2025-12-18,,CREW-02,J241,Enhancement,MULCH,4.86
E001789,2025-12-18,,CREW-02,,Install,SHOP,2.81
E001790,2025-12-18,,CREW-03,J373,Maintenance,TRIM,4.82
E001791,2025-12-18,,CREW-03,J203,Install,INSTALL,7.14
E001792,2025-12-18,,CREW-03,J369,Enhancement,SEASONAL-COLOR,5.83
E001793,2025-12-18,,CREW-03,,Enhancement,TRAINING,0.52
E001794,2025-12-19,,CREW-02,J303,Maintenance,MOW,7.1
E001795,2025-12-19,,CREW-02,J315,Install,GRADE,5.48
E001796,2025-12-19,,CREW-02,J138,Enhancement,PRUNE,7.67
E001797,2025-12-19,,CREW-02,,Enhancement,SHOP,1.49
E001798,2025-12-19,,CREW-03,J387,Maintenance,TRIM,4.81
E001799,2025-12-19,,CREW-03,J144,Install,HARDSCAPE,8.28
E001800,2025-12-19,,CREW-03,J185,Enhancement,SEASONAL-COLOR,5.62
E001801,2025-12-19,,CREW-03,,Install,TRAINING,2.48
E001802,2025-12-25,,CREW-02,J109,Maintenance,TRIM,8.82
E001803,2025-12-25,,CREW-02,J285,Install,PLANT,8.53
E001804,2025-12-25,,CREW-02,,Install,TRAINING,1.96
E001805,2025-12-25,,CREW-03,J381,Maintenance,FERT,5.75
E001806,2025-12-25,,CREW-03,J194,Install,GRADE,4.21
E001807,2025-12-25,,CREW-03,,Install,DRIVE,1.8
E001808,2025-12-25,,CREW-04,J253,Maintenance,FERT,7.11
E001809,2025-12-25,,CREW-04,J320,Install,INSTALL,4.41
E001810,2025-12-25,,CREW-04,J397,Enhancement,PRUNE,4.94
E001811,2025-12-25,,CREW-04,,Install,SHOP,2.77
E001812,2025-12-30,,CREW-02,J255,Maintenance,BLOW,8.42
E001813,2025-12-30,,CREW-02,J292,Install,HARDSCAPE,6.19
E001814,2025-12-30,,CREW-02,,Enhancement,SHOP,1.46
E001815,2025-12-31,,CREW-01,J228,Maintenance,FERT,8.03
E001816,2025-12-31,,CREW-01,J240,Install,GRADE,7.7
E001817,2025-12-31,,CREW-01,J246,Enhancement,PRUNE,7.79
E001818,2025-12-31,,CREW-01,,Install,SHOP,2.54
E001819,2025-12-31,,CREW-02,J309,Maintenance,BLOW,5.93
E001820,2025-12-31,,CREW-02,,Install,SHOP,1.94
E001821,2025-12-31,,CREW-03,J386,Maintenance,BLOW,6.26
E001822,2025-12-31,,CREW-03,J180,Install,INSTALL,5.72
E001823,2025-12-31,,CREW-03,J171,Enhancement,PRUNE,5.94
E001824,2025-12-31,,CREW-03,,Install,PTO,0.68
E001825,2026-01-01,,CREW-03,J100,Maintenance,FERT,4.51
E001826,2026-01-01,,CREW-03,J223,Install,PLANT,8.97
E001827,2026-01-01,,CREW-04,J280,Maintenance,BLOW,8.4
E001828,2026-01-01,,CREW-04,,Maintenance,DRIVE,0.66
E001829,2026-01-02,,CREW-01,J360,Maintenance,FERT,4.35
E001830,2026-01-02,,CREW-01,J274,Enhancement,MULCH,7.33
E001831,2026-01-02,,CREW-01,,Enhancement,TRAINING,0.99
E001832,2026-01-05,,CREW-01,J347,Maintenance,BLOW,7.79
E001833,2026-01-05,,CREW-01,J382,Install,INSTALL,5.43
E001834,2026-01-05,,CREW-01,J331,Enhancement,PRUNE,6.42
E001835,2026-01-05,,CREW-01,,Enhancement,TRAINING,1.3
E001836,2026-01-05,,CREW-03,J108,Maintenance,TRIM,4.17
E001837,2026-01-05,,CREW-03,,Maintenance,TRAINING,2.89
E001838,2026-01-09,,CREW-02,J174,Maintenance,BLOW,6.4
E001839,2026-01-09,,CREW-02,J270,Install,PLANT,6.13
E001840,2026-01-09,,CREW-02,J252,Enhancement,MULCH,7.57
E001841,2026-01-09,,CREW-02,,Install,SHOP,2.38
E001842,2026-01-09,,CREW-03,J196,Maintenance,BLOW,6.25
E001843,2026-01-09,,CREW-03,J359,Install,GRADE,4.95
E001844,2026-01-12,,CREW-03,J149,Maintenance,BLOW,5.62
E001845,2026-01-12,,CREW-03,J166,Install,HARDSCAPE,8.37
E001846,2026-01-13,,CREW-04,J116,Maintenance,FERT,7.31
E001847,2026-01-13,,CREW-04,,Maintenance,DRIVE,0.8
E001848,2026-01-14,,CREW-02,J112,Install,INSTALL,4.81
E001849,2026-01-14,,CREW-02,,Install,DRIVE,1.19
E001850,2026-01-14,,CREW-03,J237,Maintenance,BLOW,6.53
E001851,2026-01-14,,CREW-03,J213,Install,PLANT,8.79
E001852,2026-01-14,,CREW-03,,Install,DRIVE,1.53
E001853,2026-01-15,,CREW-03,J378,Install,HARDSCAPE,6.51
E001854,2026-01-15,,CREW-03,J306,Enhancement,PRUNE,7.64
E001855,2026-01-15,,CREW-03,,Enhancement,DRIVE,1.77
E001856,2026-01-16,,CREW-04,J161,Maintenance,FERT,7.68
E001857,2026-01-16,,CREW-04,J342,Enhancement,MULCH,5.92
E001858,2026-01-20,,CREW-04,J271,Maintenance,BLOW,6.07
E001859,2026-01-20,,CREW-04,J385,Enhancement,MULCH,7.35
E001860,2026-01-20,,CREW-04,,Enhancement,SHOP,2.33
E001861,2026-01-21,,CREW-02,J269,Maintenance,TRIM,4.19
E001862,2026-01-26,,CREW-01,J379,Maintenance,MOW,5.88
E001863,2026-01-26,,CREW-01,J167,Install,GRADE,7.32
E001864,2026-01-26,,CREW-01,J352,Enhancement,SEASONAL-COLOR,8.75
E001865,2026-01-26,,CREW-01,,Enhancement,DRIVE,0.53
E001866,2026-01-30,,CREW-01,J333,Install,PLANT,8.15
E001867,2026-01-30,,CREW-01,J221,Enhancement,PRUNE,5.64
E001868,2026-01-30,,CREW-01,,Enhancement,DRIVE,1.92
E001869,2026-02-03,,CREW-01,J142,Maintenance,BLOW,6.75
E001870,2026-02-03,,CREW-01,J188,Install,INSTALL,7.03
E001871,2026-02-04,,CREW-01,J191,Maintenance,TRIM,4.51
E001872,2026-02-04,,CREW-01,J394,Install,INSTALL,6.66
E001873,2026-02-04,,CREW-01,J176,Enhancement,SEASONAL-COLOR,4.73
E001874,2026-02-04,,CREW-01,,Maintenance,TRAINING,0.68
E001875,2026-02-04,,CREW-02,J186,Maintenance,FERT,8.68
E001876,2026-02-04,,CREW-02,,Enhancement,SHOP,1.82
E001877,2026-02-04,,CREW-04,J294,Maintenance,BLOW,8.27
E001878,2026-02-04,,CREW-04,,Maintenance,DRIVE,0.77
E001879,2026-02-05,,CREW-04,J317,Maintenance,TRIM,8.96
E001880,2026-02-05,,CREW-04,J144,Install,PLANT,4.7
E001881,2026-02-05,,CREW-04,J380,Enhancement,PRUNE,6.02
E001882,2026-02-05,,CREW-04,,Enhancement,PTO,2.48
E001883,2026-02-06,,CREW-01,J320,Maintenance,BLOW,4.01
E001884,2026-02-06,,CREW-01,J131,Install,INSTALL,6.06
E001885,2026-02-06,,CREW-01,,Install,TRAINING,1.93
E001886,2026-02-06,,CREW-02,J137,Maintenance,BLOW,7.87
E001887,2026-02-06,,CREW-02,J288,Install,INSTALL,4.82
E001888,2026-02-06,,CREW-02,,Install,SHOP,0.9
E001889,2026-02-06,,CREW-03,J240,Maintenance,MOW,4.6
E001890,2026-02-06,,CREW-03,J291,Install,INSTALL,6.85
E001891,2026-02-06,,CREW-03,J277,Enhancement,MULCH,5.28
E001892,2026-02-11,,CREW-03,J122,Maintenance,FERT,5.29
E001893,2026-02-11,,CREW-03,J386,Enhancement,MULCH,7.45
E001894,2026-02-11,,CREW-03,,Enhancement,DRIVE,2.23
E001895,2026-02-11,,CREW-04,J348,Maintenance,TRIM,5.77
E001896,2026-02-11,,CREW-04,J358,Enhancement,MULCH,7.12
E001897,2026-02-11,,CREW-04,,Install,PTO,2.35
E001898,2026-02-12,,CREW-01,J233,Maintenance,MOW,8.94
E001899,2026-02-12,,CREW-01,J281,Enhancement,SEASONAL-COLOR,4.15
E001900,2026-02-12,,CREW-01,,Maintenance,SHOP,1.68
E001901,2026-02-17,,CREW-01,J346,Maintenance,TRIM,8.4
E001902,2026-02-17,,CREW-01,J209,Install,GRADE,7.35
E001903,2026-02-17,,CREW-01,J232,Enhancement,MULCH,5.6
E001904,2026-02-17,,CREW-01,,Maintenance,SHOP,1.05
E001905,2026-02-18,,CREW-01,J255,Maintenance,BLOW,6.27
E001906,2026-02-18,,CREW-01,J195,Install,INSTALL,7.03
E001907,2026-02-18,,CREW-01,,Enhancement,TRAINING,2.78
E001908,2026-02-20,,CREW-01,J186,Maintenance,FERT,5.98
E001909,2026-02-20,,CREW-01,J267,Install,INSTALL,6.48
E001910,2026-02-20,,CREW-01,,Install,TRAINING,2.22
E001911,2026-02-20,,CREW-04,J129,Maintenance,FERT,6.61
E001912,2026-02-20,,CREW-04,J398,Install,GRADE,5.97
E001913,2026-02-20,,CREW-04,J137,Enhancement,PRUNE,7.32
E001914,2026-02-24,,CREW-01,J391,Maintenance,BLOW,4.27
E001915,2026-02-24,,CREW-01,,Maintenance,SHOP,1.69
E001916,2026-03-02,,CREW-04,J399,Maintenance,BLOW,8.4
E001917,2026-03-02,,CREW-04,J383,Install,PLANT,7.88
E001918,2026-03-02,,CREW-04,J292,Enhancement,SEASONAL-COLOR,7.6
E001919,2026-03-02,,CREW-04,,Install,TRAINING,2.97
E001920,2026-03-04,,CREW-03,J351,Maintenance,BLOW,6.4
E001921,2026-03-04,,CREW-03,,Enhancement,TRAINING,1.1
E001922,2026-03-06,,CREW-04,J312,Maintenance,FERT,5.9
E001923,2026-03-06,,CREW-04,,Maintenance,SHOP,1.67
E001924,2026-03-09,,CREW-03,J184,Maintenance,MOW,8.21
E001925,2026-03-09,,CREW-03,J284,Install,GRADE,7.86
E001926,2026-03-09,,CREW-03,J172,Enhancement,PRUNE,7.9
E001927,2026-03-09,,CREW-03,,Enhancement,DRIVE,2.27
E001928,2026-03-10,,CREW-04,J260,Maintenance,TRIM,6.2
E001929,2026-03-10,,CREW-04,J102,Enhancement,PRUNE,8.92
E001930,2026-03-10,,CREW-04,,Maintenance,DRIVE,1.39
E001931,2026-03-12,,CREW-03,J258,Maintenance,MOW,8.52
E001932,2026-03-12,,CREW-03,J120,Install,INSTALL,5.47
E001933,2026-03-12,,CREW-03,J155,Enhancement,SEASONAL-COLOR,7.44
E001934,2026-03-13,,CREW-04,J270,Maintenance,FERT,6.66
E001935,2026-03-13,,CREW-04,,Install,PTO,2.07
E001936,2026-03-17,,CREW-01,J223,Maintenance,FERT,8.86
E001937,2026-03-17,,CREW-01,J135,Install,PLANT,5.06
E001938,2026-03-17,,CREW-01,J135,Enhancement,PRUNE,5.43
E001939,2026-03-17,,CREW-03,J302,Install,HARDSCAPE,8.04
E001940,2026-03-17,,CREW-03,J101,Enhancement,PRUNE,5.94
E001941,2026-03-17,,CREW-03,,Maintenance,TRAINING,2.12
E001942,2026-03-19,,CREW-03,J273,Maintenance,TRIM,6.58
E001943,2026-03-19,,CREW-03,J151,Install,GRADE,5.92
E001944,2026-03-19,,CREW-03,J323,Enhancement,MULCH,5.51
E001945,2026-03-19,,CREW-03,,Install,PTO,0.6
E001946,2026-03-20,,CREW-03,J198,Maintenance,FERT,7.61
E001947,2026-03-20,,CREW-03,,Install,SHOP,0.54
E001948,2026-03-23,,CREW-04,J154,Maintenance,FERT,5.07
E001949,2026-03-23,,CREW-04,J212,Install,INSTALL,4.24
E001950,2026-03-23,,CREW-04,,Maintenance,TRAINING,2.04
E001951,2026-03-24,,CREW-04,J274,Install,HARDSCAPE,6.63
E001952,2026-03-24,,CREW-04,J167,Enhancement,PRUNE,8.19
E001953,2026-03-25,,CREW-01,J205,Maintenance,FERT,4.88
E001954,2026-03-25,,CREW-01,J235,Install,HARDSCAPE,4.18
E001955,2026-03-26,,CREW-01,J104,Enhancement,MULCH,8.91
E001956,2026-03-26,,CREW-03,J282,Maintenance,MOW,4.05
E001957,2026-03-26,,CREW-03,J162,Install,GRADE,7.95
E001958,2026-03-26,,CREW-03,J251,Enhancement,PRUNE,5.94
E001959,2026-03-26,,CREW-03,,Enhancement,TRAINING,0.65
E001960,2026-03-27,,CREW-01,J242,Maintenance,TRIM,5.27
E001961,2026-03-27,,CREW-01,J389,Enhancement,PRUNE,6.33
